id,happiness
8001,3.296704412
8002,2.569699168
8003,2.70865202
8004,4.145673275
8005,3.653879046
8006,4.078703165
8007,3.49237597
8008,4.223094463
8009,3.532659054
8010,2.309954643
8011,3.612910628
8012,3.854780555
8013,3.595628738
8014,3.798418641
8015,3.42035985
8016,4.258136749
8017,4.324645281
8018,4.704901695
8019,3.979708195
8020,3.997900486
8021,4.000971556
8022,3.852954149
8023,3.992649198
8024,3.906812668
8025,2.154044747
8026,4.008834362
8027,4.100708485
8028,4.061580658
8029,4.109678745
8030,4.623700619
8031,3.869921923
8032,3.968748093
8033,4.059427261
8034,3.672734976
8035,3.806828499
8036,4.752080679
8037,4.479624271
8038,4.545190334
8039,2.77816689
8040,4.120030642
8041,4.112063408
8042,3.342903256
8043,4.420808315
8044,3.960665345
8045,4.642953634
8046,3.977397919
8047,4.084088326
8048,4.493560791
8049,4.470586777
8050,4.702611446
8051,3.39471364
8052,3.55901885
8053,3.071218967
8054,4.469265819
8055,4.107650757
8056,2.32087779
8057,3.874840736
8058,2.621353984
8059,3.065728545
8060,4.104521275
8061,2.124121904
8062,3.792775035
8063,4.017677307
8064,4.540302277
8065,4.038428307
8066,4.078169107
8067,4.073375702
8068,3.993395329
8069,3.775134683
8070,3.996484399
8071,4.012065172
8072,3.753166676
8073,3.333388805
8074,3.933003306
8075,2.446118593
8076,4.309113026
8077,3.309791565
8078,4.451054096
8079,4.812526464
8080,3.924127817
8081,3.917225599
8082,3.910074353
8083,4.223341942
8084,4.635524035
8085,4.720527172
8086,3.986986876
8087,3.941679478
8088,4.017933369
8089,3.765413165
8090,3.870153666
8091,4.101533413
8092,4.451168299
8093,4.582275867
8094,4.064143658
8095,4.811353683
8096,3.229065537
8097,4.053404808
8098,3.957240224
8099,3.782500744
8100,4.015790462
8101,4.609019995
8102,4.057074547
8103,3.790600181
8104,4.254772186
8105,4.016224861
8106,4.594437599
8107,4.635090828
8108,4.082149267
8109,3.392866731
8110,2.861828685
8111,4.139539242
8112,3.348127007
8113,3.509094715
8114,4.815860748
8115,4.047429562
8116,4.461407304
8117,3.849896669
8118,3.82036829
8119,3.96778512
8120,4.74763155
8121,2.371571302
8122,4.547355652
8123,3.779848099
8124,3.974308491
8125,4.539054871
8126,3.798469305
8127,3.166030526
8128,4.005268812
8129,3.9344908
8130,3.969161987
8131,3.9602561
8132,4.075272322
8133,4.084537745
8134,4.580535889
8135,4.028293371
8136,4.784063101
8137,4.054297209
8138,2.796102285
8139,4.340292335
8140,4.066435695
8141,3.98405695
8142,3.830078363
8143,4.240575552
8144,3.817395926
8145,4.54425621
8146,1.662341833
8147,4.079007626
8148,2.330235362
8149,3.327177405
8150,4.414849162
8151,1.987339854
8152,4.033059359
8153,3.782775879
8154,3.866565824
8155,4.430245042
8156,3.911317468
8157,4.344319224
8158,3.605959058
8159,4.014110565
8160,4.092031956
8161,3.188011408
8162,4.000458002
8163,3.40979743
8164,3.43400085
8165,4.070787191
8166,4.071192741
8167,3.899090171
8168,2.501417398
8169,2.151549101
8170,3.99965179
8171,3.990362644
8172,4.461351275
8173,4.298591614
8174,3.911472917
8175,3.877536058
8176,4.653220892
8177,1.845950365
8178,4.170305252
8179,4.140091181
8180,3.643727422
8181,3.858918667
8182,3.922628164
8183,3.877942801
8184,4.362539411
8185,2.770555258
8186,2.745648742
8187,3.601163864
8188,3.89995873
8189,3.937052011
8190,4.585790396
8191,3.888191938
8192,3.884361982
8193,3.950609207
8194,3.526091337
8195,3.747485161
8196,2.534583092
8197,3.969721437
8198,4.513762951
8199,4.561002254
8200,4.930789232
8201,3.681854367
8202,3.072309256
8203,3.922846794
8204,4.041643143
8205,4.039430857
8206,3.434635639
8207,2.920927644
8208,3.957566977
8209,3.399764061
8210,3.751149297
8211,3.894750476
8212,4.079145908
8213,4.134647846
8214,4.092412949
8215,4.379587054
8216,3.911975026
8217,3.685483098
8218,3.872516155
8219,3.937044382
8220,4.03269434
8221,4.295283318
8222,3.954741359
8223,3.546562672
8224,3.937143445
8225,4.525723457
8226,4.004705429
8227,4.249729633
8228,3.622087479
8229,4.560892582
8230,4.165230274
8231,3.97146976
8232,3.457206011
8233,3.891601563
8234,4.475543976
8235,3.87566328
8236,3.034060359
8237,3.333368897
8238,3.991437078
8239,3.360731483
8240,3.647841096
8241,3.713922024
8242,3.920227766
8243,4.217264175
8244,4.045470476
8245,3.752619147
8246,4.022962093
8247,3.929245472
8248,3.496500492
8249,4.672021389
8250,4.510955811
8251,4.155257225
8252,4.212281227
8253,3.91536355
8254,4.371492267
8255,3.782764196
8256,2.862149477
8257,4.056055784
8258,3.488773465
8259,4.102276802
8260,3.917809486
8261,4.102541208
8262,4.398952007
8263,4.050084591
8264,3.977600932
8265,4.151302576
8266,2.745864987
8267,3.833736897
8268,3.53109169
8269,3.355523825
8270,3.90533483
8271,2.584970236
8272,4.010540962
8273,3.444023013
8274,3.308874965
8275,4.080531597
8276,4.022420883
8277,4.559471369
8278,3.890224934
8279,4.114164829
8280,4.164801359
8281,3.555552959
8282,4.060444593
8283,4.016305208
8284,4.114478827
8285,4.415681124
8286,2.241179824
8287,4.230330944
8288,3.88186276
8289,4.070635557
8290,4.056313992
8291,4.043840885
8292,4.073995113
8293,3.87245667
8294,4.184143305
8295,2.737874866
8296,4.092282057
8297,3.837606549
8298,4.972441912
8299,2.434644461
8300,3.667522073
8301,4.393392324
8302,4.180462837
8303,3.444546938
8304,4.488642097
8305,4.528616905
8306,4.816097498
8307,4.514542103
8308,4.150140762
8309,4.354200125
8310,3.826997876
8311,4.121206999
8312,4.770938873
8313,4.176746368
8314,3.53589344
8315,4.063694
8316,4.062179089
8317,4.407485723
8318,4.061262608
8319,3.258178592
8320,3.987099886
8321,4.097194672
8322,3.607083797
8323,3.828715086
8324,3.821162581
8325,4.084225655
8326,3.633583546
8327,3.877303243
8328,3.074772596
8329,3.60672915
8330,4.198577881
8331,4.090950966
8332,3.433937311
8333,3.556112409
8334,4.131400585
8335,3.280698895
8336,4.034696579
8337,3.771147251
8338,4.593240499
8339,3.887128115
8340,4.150725007
8341,4.561952114
8342,3.516902208
8343,2.605764866
8344,4.055493355
8345,3.975902438
8346,2.703783393
8347,2.57351613
8348,3.969215393
8349,4.06063056
8350,3.178055167
8351,4.054271698
8352,3.802680731
8353,3.706688046
8354,4.56063509
8355,3.764431953
8356,4.638849735
8357,3.925568938
8358,3.882647872
8359,3.838291407
8360,3.993314981
8361,3.914341211
8362,4.033333302
8363,3.763441205
8364,3.805992365
8365,3.376352072
8366,3.420288324
8367,4.021744967
8368,4.107840061
8369,3.81862402
8370,3.621411681
8371,3.534553766
8372,3.837531686
8373,1.634125233
8374,3.428092837
8375,4.568373919
8376,4.869270563
8377,4.029586077
8378,4.036632538
8379,4.14306426
8380,3.266614556
8381,3.726014137
8382,4.043625355
8383,4.690736055
8384,3.201161981
8385,3.441002131
8386,4.111853123
8387,3.556445122
8388,3.962518096
8389,2.70133841
8390,4.072721243
8391,3.699608803
8392,2.739643216
8393,4.094039679
8394,4.107002497
8395,4.05852294
8396,3.926527023
8397,2.965562582
8398,3.761658669
8399,4.082003117
8400,4.11857295
8401,4.979688644
8402,3.436705828
8403,4.740581274
8404,3.938908696
8405,4.749234915
8406,4.647401571
8407,3.470296741
8408,4.365886688
8409,4.056389332
8410,3.953679919
8411,4.524644136
8412,3.359373331
8413,3.98884511
8414,4.134581327
8415,3.796006322
8416,3.572336674
8417,3.964547515
8418,4.320111036
8419,4.24297142
8420,3.840232611
8421,4.055811882
8422,4.366490006
8423,4.564850807
8424,3.097758889
8425,4.522508621
8426,4.064096451
8427,3.904920578
8428,4.219386339
8429,3.918800235
8430,4.598893642
8431,4.029198885
8432,4.095824003
8433,4.022865772
8434,4.017973185
8435,3.906328201
8436,3.302580953
8437,3.999318361
8438,3.564520121
8439,4.110028625
8440,3.061399341
8441,4.076534986
8442,4.08788538
8443,4.024418592
8444,3.464292884
8445,3.838103294
8446,4.332116604
8447,3.785525441
8448,4.172518373
8449,2.80995965
8450,3.177703977
8451,3.434844732
8452,3.065880299
8453,4.077334404
8454,4.48334682
8455,3.773863673
8456,3.878300548
8457,3.919040203
8458,4.007350922
8459,4.171322823
8460,3.356094837
8461,3.910501003
8462,3.725809813
8463,4.539781094
8464,2.294299006
8465,3.902102709
8466,4.756162405
8467,2.318953872
8468,3.766319633
8469,4.151753426
8470,3.822205663
8471,4.432409406
8472,4.657866001
8473,4.519235373
8474,4.017469645
8475,3.835938811
8476,4.581260204
8477,4.100746632
8478,3.987619758
8479,4.032690048
8480,3.155907035
8481,4.49525249
8482,3.128620267
8483,3.226397395
8484,4.152050972
8485,3.934039116
8486,2.879779577
8487,3.933191776
8488,4.083219528
8489,4.825068712
8490,4.152559757
8491,4.658728361
8492,4.073962927
8493,4.666788578
8494,3.335829496
8495,4.082053661
8496,4.342737675
8497,1.851786375
8498,3.733893633
8499,4.120962143
8500,3.826296926
8501,4.517613888
8502,3.983693957
8503,4.015318394
8504,3.801163554
8505,2.940515876
8506,4.126057148
8507,4.498245597
8508,3.629263282
8509,4.293849468
8510,3.916371465
8511,3.961958647
8512,4.092915058
8513,4.019257069
8514,4.683468819
8515,3.870434761
8516,3.750515699
8517,3.278828144
8518,2.555842519
8519,4.635231972
8520,4.171487808
8521,4.008825064
8522,2.538310528
8523,2.887146711
8524,4.347206712
8525,4.478296638
8526,4.301211119
8527,3.89789331
8528,3.664340854
8529,2.828721166
8530,4.623347282
8531,4.11288476
8532,3.96157968
8533,3.471132517
8534,4.052797794
8535,4.076195955
8536,2.981796145
8537,3.349546671
8538,3.329126716
8539,4.5045259
8540,4.485968232
8541,4.504161119
8542,3.287456989
8543,3.293185234
8544,3.99845922
8545,3.994273186
8546,3.507222176
8547,3.445195079
8548,4.13368988
8549,3.705037832
8550,3.922410369
8551,4.031438351
8552,3.636970043
8553,4.157456398
8554,3.908581853
8555,4.496099353
8556,3.398584962
8557,3.958585858
8558,3.872392178
8559,3.928005815
8560,3.539929509
8561,4.509550095
8562,4.693181515
8563,3.825901389
8564,4.093567371
8565,4.691965342
8566,4.136782646
8567,4.585896492
8568,3.723868608
8569,2.711120486
8570,4.041285515
8571,4.029746532
8572,2.622121572
8573,2.665519476
8574,3.847871542
8575,4.042820454
8576,3.834547043
8577,3.917702317
8578,3.952537775
8579,4.548211098
8580,4.716783524
8581,4.081864119
8582,3.855168581
8583,4.323826075
8584,3.7922647
8585,4.026633501
8586,4.184154987
8587,4.390708566
8588,4.790529013
8589,4.69922471
8590,4.006720304
8591,4.082133532
8592,3.531276941
8593,3.904996395
8594,3.969967008
8595,1.952436805
8596,4.593362331
8597,3.997748017
8598,3.881954193
8599,3.839421034
8600,3.959379435
8601,3.542396307
8602,2.457085609
8603,3.861996889
8604,4.284263372
8605,4.336117506
8606,3.994672656
8607,3.979968905
8608,3.772551775
8609,4.218205214
8610,2.528235793
8611,4.722059727
8612,3.411360025
8613,3.926289082
8614,3.956874013
8615,4.671752691
8616,4.709924221
8617,3.955043435
8618,3.935435891
8619,4.72119379
8620,4.168417454
8621,3.241500258
8622,4.125387669
8623,4.413971424
8624,3.147268176
8625,3.336645126
8626,4.56554842
8627,4.096841335
8628,3.98612535
8629,3.990274906
8630,4.12464571
8631,3.391504049
8632,3.52472651
8633,3.881237626
8634,3.910772085
8635,3.056303144
8636,3.870128393
8637,3.308498263
8638,4.081792116
8639,3.533149958
8640,3.126677632
8641,4.172724009
8642,2.057881117
8643,4.058521271
8644,4.155771732
8645,3.705981135
8646,3.883362651
8647,3.751938581
8648,4.046266794
8649,4.253634691
8650,3.770851016
8651,4.067014456
8652,2.483282089
8653,3.960068226
8654,4.206356049
8655,3.2453475
8656,3.940384388
8657,3.679579258
8658,3.44185555
8659,3.647781968
8660,3.5394454
8661,3.532536507
8662,4.614523649
8663,4.298019171
8664,3.120130777
8665,3.480879545
8666,3.972721457
8667,4.651642799
8668,3.997933984
8669,4.191173911
8670,2.938301444
8671,3.686077714
8672,4.045609474
8673,3.27293992
8674,4.242966652
8675,3.692219496
8676,4.649534941
8677,3.403472185
8678,2.465287209
8679,3.895468473
8680,3.075780272
8681,3.824698091
8682,3.951279044
8683,3.884268284
8684,4.179222107
8685,3.939340115
8686,4.044757128
8687,4.541231155
8688,4.123122215
8689,4.075572014
8690,4.002087355
8691,4.090680122
8692,4.032863379
8693,3.903716326
8694,3.476109266
8695,3.965302706
8696,3.989085436
8697,4.00931263
8698,3.493286371
8699,3.941380501
8700,4.123765945
8701,4.748307943
8702,3.986478567
8703,4.082729816
8704,3.850756407
8705,3.125304818
8706,3.655447245
8707,3.509806156
8708,4.65115881
8709,3.727783799
8710,4.019524574
8711,2.809050441
8712,4.106128931
8713,3.162428856
8714,4.262776136
8715,4.758177757
8716,2.959850669
8717,4.116198778
8718,3.31851542
8719,4.080070972
8720,3.906817675
8721,3.831024528
8722,3.996503711
8723,3.725382209
8724,4.121972799
8725,3.486427426
8726,3.910396338
8727,2.909103751
8728,2.764213681
8729,4.682985783
8730,2.469398499
8731,3.994532466
8732,4.567401409
8733,3.948788404
8734,3.837064862
8735,3.45318377
8736,4.050331712
8737,4.153599739
8738,4.558555126
8739,4.59837532
8740,3.321811438
8741,3.367019176
8742,3.943609834
8743,4.019227505
8744,3.700658441
8745,3.942632794
8746,4.101189852
8747,4.05821085
8748,4.868690252
8749,4.093249321
8750,3.035763979
8751,4.118447542
8752,3.638724566
8753,4.025317669
8754,3.79955411
8755,4.076526642
8756,2.930481434
8757,4.032770634
8758,4.046771526
8759,4.187614441
8760,3.795471311
8761,3.489857554
8762,1.981360137
8763,4.017558098
8764,3.873632431
8765,3.968201876
8766,4.129381657
8767,3.491278291
8768,3.959515572
8769,3.935399532
8770,3.978328943
8771,4.196384668
8772,3.5008564
8773,4.220889568
8774,3.999089122
8775,3.971669078
8776,4.017084122
8777,4.00001812
8778,3.81921947
8779,3.78719759
8780,3.809267402
8781,3.487306833
8782,4.695467949
8783,4.769630909
8784,4.053409815
8785,4.582754135
8786,3.970175982
8787,3.63378036
8788,3.81233418
8789,3.914146662
8790,3.97728169
8791,3.966337442
8792,3.437182426
8793,4.054982662
8794,4.687745571
8795,4.61309576
8796,4.773869514
8797,2.780396938
8798,3.948846817
8799,4.138990879
8800,3.835606575
8801,3.89291203
8802,3.203612328
8803,3.973344088
8804,4.069912434
8805,3.771951318
8806,4.391475797
8807,3.435346246
8808,4.455482244
8809,3.326765776
8810,4.747642994
8811,1.776640177
8812,4.027422905
8813,4.865865946
8814,4.297471881
8815,4.212188244
8816,3.660774112
8817,3.786422729
8818,3.850763083
8819,3.388348818
8820,3.397026777
8821,4.051149368
8822,3.727597594
8823,4.099415302
8824,3.487703085
8825,2.772177935
8826,3.777278185
8827,4.02176857
8828,3.983166218
8829,3.149745822
8830,3.656448841
8831,4.867349386
8832,3.272980094
8833,4.137389183
8834,3.91208303
8835,2.323839664
8836,3.307436347
8837,3.961787701
8838,4.019985676
8839,3.852971554
8840,4.127484083
8841,4.559628248
8842,4.744126797
8843,4.120379925
8844,3.917428374
8845,4.765212297
8846,4.047515869
8847,3.054109097
8848,3.833709836
8849,3.527154446
8850,1.65315032
8851,3.607534409
8852,3.730736375
8853,3.988966346
8854,3.879026175
8855,3.691182017
8856,3.969821692
8857,2.960176826
8858,3.692299247
8859,3.729326248
8860,3.959630489
8861,3.172638297
8862,3.761023164
8863,4.051830292
8864,3.980431676
8865,4.066855907
8866,4.648920536
8867,3.9658252
8868,4.063680649
8869,3.343408465
8870,4.052306652
8871,3.899197936
8872,4.083852291
8873,3.656012058
8874,3.051545858
8875,3.853425503
8876,3.288671374
8877,4.730726957
8878,4.572435856
8879,4.017546177
8880,3.472768426
8881,4.019156933
8882,3.745471478
8883,3.61886394
8884,3.858002305
8885,3.406465888
8886,3.530586004
8887,3.756472349
8888,4.891088486
8889,3.786234498
8890,3.631140232
8891,3.925600886
8892,3.275019646
8893,3.895872593
8894,2.856128335
8895,4.923585176
8896,4.085307121
8897,4.031935215
8898,3.829643846
8899,4.705149174
8900,3.888867259
8901,3.996340394
8902,3.21058476
8903,2.921922922
8904,3.537203789
8905,3.807232857
8906,2.526947498
8907,4.084726095
8908,3.733680487
8909,4.050598145
8910,4.573341846
8911,3.607858896
8912,4.27935648
8913,4.073236942
8914,2.620621681
8915,4.156765938
8916,3.839750767
8917,3.602018356
8918,4.223751068
8919,4.166640759
8920,3.743205309
8921,3.682595968
8922,3.991372228
8923,3.914732814
8924,3.439539552
8925,3.311110139
8926,4.57381916
8927,4.034451008
8928,3.602934361
8929,4.546011209
8930,4.410444975
8931,3.683501244
8932,3.591329098
8933,2.994537354
8934,3.568217993
8935,4.335011482
8936,4.004321098
8937,3.681585789
8938,3.946365476
8939,3.979108095
8940,3.917044163
8941,3.843021512
8942,3.984782219
8943,3.745360136
8944,3.840049863
8945,4.425571918
8946,4.082820415
8947,3.322188139
8948,4.031608582
8949,3.901523829
8950,3.965934277
8951,2.911151052
8952,4.13615489
8953,3.836338043
8954,3.073792219
8955,3.788161516
8956,3.275451541
8957,4.600243092
8958,4.015987396
8959,4.043922663
8960,4.118581533
8961,4.393885493
8962,4.546967983
8963,2.433879972
8964,4.582403183
8965,3.0955832
8966,4.02382803
8967,3.647619963
8968,3.883869171
8969,4.261398554
8970,3.968751788
8971,3.945581198
8972,4.14285028
8973,2.799750805
8974,4.683538437
8975,4.47026372
8976,4.549511433
8977,4.083069086
8978,3.868318081
8979,4.208813667
8980,4.167640209
8981,4.107373476
8982,2.661276221
8983,3.63775301
8984,3.947278619
8985,4.017724991
8986,3.142616272
8987,3.298702121
8988,4.626825571
8989,4.139871597
8990,3.307329416
8991,4.651052475
8992,4.569120407
8993,4.229428053
8994,3.932925344
8995,4.125870228
8996,3.870957375
8997,4.406432509
8998,3.908794045
8999,4.013464928
9000,3.49279952
9001,4.544988155
9002,4.725946665
9003,4.020068884
9004,2.386825204
9005,4.106571198
9006,4.112125158
9007,3.698354363
9008,3.800361156
9009,3.834730029
9010,4.088962317
9011,4.0139153
9012,4.027168274
9013,3.800595284
9014,3.824792147
9015,3.423864603
9016,4.13420248
9017,4.61255765
9018,3.970040798
9019,3.919518232
9020,4.475370288
9021,4.620146751
9022,4.217933893
9023,2.52184248
9024,3.391473055
9025,3.71207428
9026,4.694410801
9027,3.781302571
9028,3.969516039
9029,4.123974085
9030,3.956135035
9031,4.05352664
9032,4.744996071
9033,3.62519455
9034,4.199025869
9035,4.547497988
9036,2.599650383
9037,4.170730352
9038,3.996939898
9039,2.305381298
9040,3.885836363
9041,3.874851346
9042,3.212806106
9043,3.998407483
9044,3.456681371
9045,3.776335716
9046,3.206872106
9047,3.125043154
9048,4.217978477
9049,4.011989832
9050,4.121752262
9051,4.089897633
9052,3.465994596
9053,4.035841703
9054,2.984165072
9055,3.928922653
9056,3.796394825
9057,4.183680773
9058,4.0677948
9059,3.971525669
9060,4.023289204
9061,3.987639904
9062,3.667959929
9063,3.910411596
9064,4.011773348
9065,4.047521114
9066,3.133469224
9067,3.906492233
9068,3.945535779
9069,3.796923041
9070,4.187551975
9071,3.846869946
9072,4.038701057
9073,4.132635593
9074,3.268788457
9075,3.446210742
9076,3.887374878
9077,3.657554626
9078,3.704097629
9079,4.034843445
9080,3.326245666
9081,4.084969759
9082,3.790024757
9083,4.013245106
9084,4.146142721
9085,4.179514408
9086,3.498340368
9087,4.307416916
9088,3.799730897
9089,4.190915585
9090,3.853621364
9091,3.5905931
9092,3.410075307
9093,3.996995568
9094,2.895077705
9095,4.051145554
9096,4.076319695
9097,3.75907886
9098,3.83702755
9099,2.664529204
9100,4.09635663
9101,4.033909321
9102,4.155787945
9103,4.101056576
9104,3.699516535
9105,3.197086573
9106,3.758037806
9107,3.997560978
9108,4.674310684
9109,4.712470531
9110,3.878468752
9111,4.209523201
9112,3.912627935
9113,4.033777237
9114,3.930695415
9115,3.775003314
9116,4.00907135
9117,4.120079041
9118,4.130010366
9119,4.083367348
9120,4.587645054
9121,3.870732903
9122,4.468580127
9123,2.829204679
9124,3.874032497
9125,3.884119034
9126,3.239557862
9127,4.146205664
9128,3.997431874
9129,3.753170133
9130,3.509058475
9131,3.991811991
9132,3.889383554
9133,4.380937696
9134,3.964938283
9135,3.987594843
9136,4.657259941
9137,3.880249977
9138,3.949187875
9139,3.10796988
9140,5.016711235
9141,2.830861807
9142,3.608404875
9143,3.564014316
9144,2.979871273
9145,4.110271215
9146,4.557543278
9147,1.661405325
9148,3.175761342
9149,4.604150295
9150,4.045287132
9151,4.297467232
9152,4.078313828
9153,4.22888279
9154,4.06524992
9155,4.10490799
9156,3.652879238
9157,3.399814963
9158,3.790880442
9159,3.407386422
9160,1.795243979
9161,2.630179644
9162,3.967563987
9163,4.139791489
9164,4.03980875
9165,4.033012629
9166,3.977301836
9167,3.826059461
9168,3.604541779
9169,3.977169991
9170,4.060759544
9171,3.646034837
9172,4.628189087
9173,4.60481739
9174,3.875608921
9175,4.666098833
9176,3.85622406
9177,4.126618862
9178,3.667610526
9179,3.50065279
9180,4.357473254
9181,4.03322506
9182,3.421919227
9183,4.62614727
9184,2.814216018
9185,3.708542228
9186,3.955006361
9187,4.391394615
9188,2.757324338
9189,4.074253559
9190,2.200440168
9191,3.659276962
9192,4.020835638
9193,4.665874481
9194,4.015235424
9195,4.035284042
9196,3.859080076
9197,4.60515523
9198,4.024815559
9199,4.66190505
9200,3.682992816
9201,3.781394958
9202,3.891344428
9203,3.967786193
9204,4.091608524
9205,4.063610554
9206,4.751767874
9207,3.813557386
9208,4.061213017
9209,3.965009451
9210,4.27306056
9211,3.07598865
9212,3.534691334
9213,2.372164369
9214,4.614933968
9215,4.608482838
9216,4.12490654
9217,3.82454133
9218,4.60625124
9219,4.054005861
9220,3.953828692
9221,4.048388004
9222,3.163906336
9223,3.958856821
9224,3.660472512
9225,3.291761398
9226,4.019577265
9227,2.570527792
9228,3.078462243
9229,3.278798819
9230,4.06974411
9231,3.892044067
9232,3.494921327
9233,4.135154724
9234,3.972842455
9235,1.785742044
9236,4.052012682
9237,4.473686337
9238,3.916146994
9239,3.81946516
9240,3.996917486
9241,4.788749218
9242,3.974523187
9243,4.769598722
9244,3.752225876
9245,2.704298139
9246,4.590698719
9247,3.982757092
9248,4.381098509
9249,4.535217285
9250,4.051784277
9251,3.089709282
9252,4.959010363
9253,2.712364316
9254,3.869312048
9255,3.106618881
9256,4.45201242
9257,4.023335934
9258,3.873735309
9259,3.55787158
9260,3.96944809
9261,4.188144684
9262,3.824114561
9263,3.219792247
9264,3.885748744
9265,4.086353302
9266,3.92693162
9267,3.370426536
9268,4.227981091
9269,4.014273882
9270,4.829058409
9271,4.699501038
9272,2.584140062
9273,3.814163327
9274,3.398893476
9275,4.190995455
9276,3.569078207
9277,3.910773277
9278,3.686181664
9279,4.034851074
9280,3.662846684
9281,4.075119972
9282,4.568179369
9283,4.296470284
9284,4.666575432
9285,3.894683361
9286,3.879524469
9287,4.098133326
9288,2.271776915
9289,3.380091786
9290,3.784499884
9291,4.184436321
9292,3.151883364
9293,4.23331368
9294,4.371186614
9295,1.780000091
9296,4.290893793
9297,4.525537491
9298,3.729694009
9299,3.53743577
9300,3.913449168
9301,4.096678734
9302,4.123808861
9303,3.712188005
9304,3.49456346
9305,4.027808666
9306,4.009198427
9307,3.895277262
9308,4.136942863
9309,4.041312218
9310,3.582369685
9311,3.725637913
9312,2.908901095
9313,4.728438377
9314,3.39317739
9315,2.63496089
9316,4.579430819
9317,3.399446011
9318,3.816234469
9319,4.591593504
9320,2.746743441
9321,4.01228857
9322,4.022812366
9323,3.444338202
9324,3.096648097
9325,3.182869911
9326,3.892792702
9327,4.24711132
9328,3.116596818
9329,3.371497273
9330,3.298332453
9331,3.911605239
9332,4.568194389
9333,4.07525444
9334,3.818464637
9335,4.352673292
9336,3.903832078
9337,4.092049599
9338,4.02697134
9339,4.554255009
9340,4.572999001
9341,3.339615107
9342,4.006155968
9343,3.673186779
9344,2.33950758
9345,3.233304143
9346,3.345547557
9347,3.721632838
9348,3.281282544
9349,3.872105241
9350,3.722885609
9351,4.032639503
9352,4.025022507
9353,3.567189693
9354,3.932514429
9355,4.156585217
9356,3.45866847
9357,4.134046555
9358,4.029323339
9359,3.659986615
9360,3.636167526
9361,3.9562006
9362,4.125504971
9363,3.515619278
9364,3.099758983
9365,2.671404004
9366,4.641172409
9367,4.122000694
9368,4.261204243
9369,4.505433321
9370,4.242928505
9371,2.953852177
9372,3.977886558
9373,4.046137333
9374,3.648348212
9375,3.978664875
9376,3.271602154
9377,4.005782127
9378,4.386290073
9379,4.731486797
9380,3.928762794
9381,4.076319218
9382,3.635991573
9383,3.182325006
9384,3.983759403
9385,3.906973004
9386,4.200086832
9387,4.086452961
9388,4.198646545
9389,4.170474291
9390,4.020624876
9391,2.534789443
9392,3.305900216
9393,4.077121973
9394,4.128195763
9395,3.742368698
9396,3.399567366
9397,4.099955082
9398,4.306671619
9399,3.194367051
9400,3.452417493
9401,4.004843473
9402,4.394090891
9403,4.176598072
9404,3.865006447
9405,4.108867168
9406,4.532241583
9407,2.39204669
9408,4.203567028
9409,4.028228521
9410,3.998056054
9411,4.10140872
9412,3.118399382
9413,4.64727211
9414,4.057493925
9415,3.823819995
9416,3.669764876
9417,3.863998532
9418,4.091437578
9419,3.73581481
9420,4.041806221
9421,4.723632336
9422,3.993804097
9423,3.733679652
9424,3.661281705
9425,3.370659828
9426,3.836216331
9427,3.986373663
9428,3.903966069
9429,3.600088954
9430,3.049932241
9431,3.57187748
9432,4.428807497
9433,3.960160971
9434,3.760347247
9435,3.224935651
9436,3.86875546
9437,2.78698504
9438,3.826397657
9439,3.979174256
9440,3.624913573
9441,4.062034369
9442,3.778256893
9443,4.180868626
9444,4.081964016
9445,4.097540379
9446,4.272659063
9447,3.881858945
9448,4.05427146
9449,4.071486473
9450,2.505269766
9451,4.095492125
9452,4.187879086
9453,4.023625135
9454,3.960744739
9455,3.37829268
9456,3.978397846
9457,4.286952019
9458,3.908300161
9459,3.932399988
9460,3.52720809
9461,2.629000902
9462,4.425223827
9463,3.8917135
9464,3.346230984
9465,4.085175037
9466,2.96120882
9467,4.018244028
9468,4.013743877
9469,4.008574009
9470,3.930210948
9471,3.609394789
9472,4.023827553
9473,3.719186664
9474,4.102784157
9475,2.750578761
9476,4.679713249
9477,4.863733768
9478,3.031627178
9479,3.516448498
9480,4.115236282
9481,3.268116355
9482,4.120258331
9483,4.008612156
9484,4.317118645
9485,3.821438432
9486,4.064234734
9487,3.457980037
9488,4.111074448
9489,3.921755433
9490,4.646495581
9491,4.103774071
9492,3.883079529
9493,4.13099885
9494,3.175949574
9495,4.709511757
9496,3.343508601
9497,3.851723433
9498,4.063266277
9499,2.376101375
9500,3.844483256
9501,2.943973899
9502,4.616629124
9503,3.957091212
9504,3.976103783
9505,4.115147591
9506,3.883736491
9507,3.383809209
9508,3.397738814
9509,3.690877795
9510,4.45023334
9511,3.899482846
9512,4.042180061
9513,3.875926375
9514,3.87116158
9515,3.978442073
9516,4.125780106
9517,3.589424849
9518,3.914364576
9519,3.499596953
9520,3.920782208
9521,4.009489536
9522,3.354591131
9523,3.837227583
9524,3.443743348
9525,2.795898795
9526,3.811931014
9527,3.640799642
9528,2.658108592
9529,3.881975055
9530,4.119856596
9531,4.686201572
9532,3.059237003
9533,3.241967201
9534,2.457134843
9535,2.487930179
9536,4.065929174
9537,3.875982046
9538,4.49286139
9539,3.807056904
9540,2.992974877
9541,2.608478427
9542,4.110480785
9543,3.765391827
9544,3.624116182
9545,3.960373759
9546,3.997092247
9547,3.833269954
9548,4.036828518
9549,3.078901052
9550,4.190905094
9551,3.783789754
9552,3.89537847
9553,4.712280512
9554,4.004735947
9555,3.510975838
9556,3.753010511
9557,3.269683838
9558,3.444541097
9559,4.079467773
9560,3.82284534
9561,4.107099771
9562,4.205370426
9563,4.09579587
9564,3.109712124
9565,4.160559893
9566,4.622018099
9567,3.825866222
9568,4.661848068
9569,4.122539997
9570,3.997222543
9571,3.965360641
9572,3.491507053
9573,3.871450424
9574,3.866073728
9575,4.110552311
9576,4.128446579
9577,4.164983034
9578,4.448537469
9579,4.098990202
9580,4.672861099
9581,4.646831989
9582,3.702561617
9583,4.072984219
9584,2.589144468
9585,4.160321951
9586,3.798798203
9587,3.783435583
9588,3.237082124
9589,4.098954678
9590,4.263305902
9591,4.186737537
9592,3.846930623
9593,4.011637211
9594,4.457129598
9595,3.475200176
9596,3.909589052
9597,4.01039362
9598,3.994250774
9599,2.463275671
9600,4.222489357
9601,4.635823727
9602,4.542660713
9603,4.161223173
9604,3.733211398
9605,4.345977664
9606,4.162808418
9607,4.442679644
9608,2.295811892
9609,4.031028748
9610,2.90157783
9611,2.807480216
9612,3.945843816
9613,4.073043823
9614,4.030315399
9615,4.05660677
9616,4.033013821
9617,3.976805091
9618,3.951480985
9619,3.371087074
9620,4.023360968
9621,3.918906689
9622,3.297970295
9623,3.903437018
9624,4.001377106
9625,3.988767147
9626,4.286432028
9627,4.102094173
9628,4.012092113
9629,3.356856585
9630,3.991926432
9631,4.625617504
9632,3.963999867
9633,4.835094213
9634,3.913492918
9635,1.539354086
9636,3.767370224
9637,3.469470263
9638,3.925159335
9639,3.060019255
9640,4.077871323
9641,4.154624701
9642,3.379051805
9643,4.639652252
9644,3.942863941
9645,3.421344161
9646,4.818774462
9647,2.800584078
9648,3.954250216
9649,4.853520393
9650,3.733727932
9651,4.533678532
9652,3.977147102
9653,3.999679446
9654,3.955154538
9655,3.937851071
9656,3.982799768
9657,4.067809582
9658,4.07614851
9659,3.969478726
9660,4.05934
9661,4.079086781
9662,4.039261341
9663,4.123755455
9664,4.16089654
9665,4.118945599
9666,4.539741516
9667,3.395390987
9668,3.962160349
9669,4.037781715
9670,3.83942318
9671,3.799276352
9672,3.647830486
9673,4.072299957
9674,3.733090639
9675,3.924156547
9676,4.051247358
9677,3.370689869
9678,4.084470749
9679,3.935356617
9680,4.598588943
9681,4.588698864
9682,4.013891697
9683,4.222391844
9684,4.892401934
9685,3.541243315
9686,3.513178587
9687,4.009522915
9688,4.097189188
9689,4.633167744
9690,3.054490805
9691,4.209393978
9692,3.913528323
9693,4.503665447
9694,3.95609796
9695,3.848932505
9696,3.895624399
9697,4.263082027
9698,3.968529701
9699,3.956306458
9700,4.118095636
9701,3.861902237
9702,3.52136898
9703,3.775591016
9704,2.225045443
9705,4.809574366
9706,3.997502089
9707,4.660571337
9708,3.82539928
9709,3.937081695
9710,4.584121466
9711,4.425314665
9712,3.345878363
9713,4.064211369
9714,3.390520811
9715,3.853842258
9716,3.950930357
9717,3.875073552
9718,2.78867662
9719,4.237335682
9720,3.94098711
9721,4.004821301
9722,4.084694386
9723,3.731679916
9724,4.14525032
9725,2.433154821
9726,2.076847434
9727,3.001852155
9728,4.255708575
9729,2.580732465
9730,3.949001551
9731,4.529499054
9732,4.543682098
9733,3.910947561
9734,3.891753435
9735,4.075100422
9736,3.287974358
9737,4.429741621
9738,3.96490109
9739,3.815944314
9740,3.788920164
9741,4.513307571
9742,3.312242031
9743,3.191247821
9744,3.937583923
9745,3.97870779
9746,4.007269621
9747,3.382483721
9748,4.147042751
9749,4.534134865
9750,1.8406955
9751,4.007867813
9752,4.070352793
9753,3.787633657
9754,4.607557774
9755,3.723725915
9756,3.652305841
9757,4.687737942
9758,3.873644471
9759,4.153954029
9760,3.91488719
9761,4.562019825
9762,4.173243284
9763,4.67586875
9764,3.409880757
9765,3.87460804
9766,3.720043778
9767,4.048040867
9768,4.574144363
9769,3.25645113
9770,4.328053236
9771,4.435397267
9772,3.847041845
9773,3.698047996
9774,3.621576786
9775,3.036426663
9776,4.010653496
9777,3.921564221
9778,3.381377935
9779,4.56588316
9780,3.342243314
9781,4.039135933
9782,4.464073181
9783,3.964608788
9784,3.947835088
9785,3.990818024
9786,3.68724525
9787,3.714592218
9788,2.708956122
9789,4.691161156
9790,4.094651461
9791,2.72258532
9792,4.408763647
9793,2.481496692
9794,4.547438145
9795,4.661559582
9796,3.278739333
9797,3.256786942
9798,4.08234787
9799,4.527690411
9800,3.359668493
9801,3.84265244
9802,4.637731075
9803,4.037030697
9804,3.534688473
9805,3.832140446
9806,4.803072691
9807,4.055280209
9808,4.041909695
9809,4.192626953
9810,4.123222351
9811,3.78375566
9812,4.179218292
9813,3.497877717
9814,2.822076559
9815,3.941844463
9816,3.817006946
9817,4.481619
9818,3.895609498
9819,3.968169451
9820,3.34006083
9821,3.896695733
9822,4.567579746
9823,3.6759547
9824,3.285878301
9825,4.115001678
9826,3.922612667
9827,4.031109095
9828,4.526381493
9829,4.02121067
9830,3.82783401
9831,4.178185463
9832,4.030472755
9833,3.948689103
9834,4.9106493
9835,4.153751373
9836,3.470522881
9837,3.961607337
9838,4.263510466
9839,2.991215587
9840,4.674309731
9841,3.609272242
9842,4.047907591
9843,3.074482203
9844,4.051369667
9845,4.578309536
9846,2.794068098
9847,3.223164678
9848,4.065005064
9849,4.066269398
9850,3.792733192
9851,4.124722958
9852,4.641455173
9853,3.469182372
9854,2.511455059
9855,3.923678279
9856,4.570195198
9857,4.055613041
9858,3.416623473
9859,4.139707327
9860,3.377996802
9861,4.105491877
9862,4.113342285
9863,4.536045074
9864,4.019678593
9865,4.562345982
9866,2.965340137
9867,3.354294181
9868,3.287657261
9869,4.606310844
9870,4.669603825
9871,4.095864296
9872,4.107216358
9873,4.155286908
9874,4.161993742
9875,4.278203011
9876,3.792913914
9877,4.482176423
9878,4.774956226
9879,3.974006176
9880,4.133225203
9881,4.041930199
9882,3.86532402
9883,3.35101831
9884,4.175858021
9885,4.12451601
9886,3.832435727
9887,2.699795008
9888,4.107363462
9889,3.92634213
9890,4.60156846
9891,3.265772223
9892,4.137381077
9893,4.803810835
9894,4.050276279
9895,4.077738285
9896,3.960277081
9897,4.043978214
9898,3.298342109
9899,4.151215553
9900,3.715789318
9901,3.175065637
9902,3.622946024
9903,4.0679667
9904,3.29163754
9905,4.002459526
9906,4.058785439
9907,2.649563789
9908,4.626772404
9909,4.45674789
9910,4.718732834
9911,4.253227949
9912,4.212811947
9913,3.700900078
9914,3.836612225
9915,4.676318645
9916,4.048946857
9917,3.463429928
9918,3.981390357
9919,4.117208481
9920,3.854272246
9921,4.039118767
9922,3.356620908
9923,4.133283377
9924,3.848990202
9925,3.400348306
9926,3.789413095
9927,3.915670276
9928,3.322189927
9929,4.102816582
9930,4.118626118
9931,3.926690698
9932,4.434040785
9933,3.477175713
9934,3.156090975
9935,2.170975447
9936,4.010327339
9937,4.129655838
9938,4.247227907
9939,3.376539707
9940,3.624801159
9941,3.64500308
9942,3.855415463
9943,4.032749176
9944,3.901426792
9945,4.822562218
9946,2.457517266
9947,4.032181263
9948,3.411155462
9949,4.205714703
9950,2.840631604
9951,3.301131964
9952,4.626382113
9953,3.972472787
9954,2.890166044
9955,4.00660038
9956,4.663727999
9957,4.680764198
9958,4.021472454
9959,4.196407795
9960,3.861505747
9961,4.161379576
9962,4.093267679
9963,2.834212661
9964,4.018369913
9965,4.552509785
9966,3.940344214
9967,4.730205774
9968,3.832294941
9969,4.248231411
9970,2.341611743
9971,3.972582817
9972,4.720669031
9973,4.184211135
9974,3.776608467
9975,4.156806469
9976,3.860860825
9977,4.662867546
9978,2.951808214
9979,3.946743608
9980,4.613899708
9981,3.967184424
9982,4.71370697
9983,3.995546341
9984,3.312638521
9985,3.612437487
9986,4.313905835
9987,4.115456581
9988,3.788013101
9989,2.344609499
9990,4.150341988
9991,3.813823819
9992,3.859820724
9993,4.393723607
9994,3.272262216
9995,3.836132288
9996,4.707961082
9997,3.126101017
9998,3.933507919
9999,3.455118895
10000,4.100853443
10001,4.14843297
10002,3.92302525
10003,3.96400094
10004,3.902266979
10005,3.29253459
10006,3.980327725
10007,3.250153542
10008,4.00210309
10009,4.116790295
10010,4.546368122
10011,3.371714354
10012,4.000057697
10013,3.360526204
10014,3.244815826
10015,4.188313007
10016,3.112954259
10017,3.761515379
10018,2.484073281
10019,3.056402206
10020,3.905114889
10021,4.209969997
10022,4.660399437
10023,4.52665925
10024,3.752700925
10025,3.820779443
10026,4.138871193
10027,3.680692792
10028,2.929769158
10029,4.773071289
10030,3.889032125
10031,3.875600815
10032,3.319856048
10033,3.974213362
10034,4.502306223
10035,3.924914598
10036,3.913537264
10037,4.170228481
10038,4.191142321
10039,4.060525179
10040,4.086200237
10041,4.805174112
10042,3.98229897
10043,4.60059166
10044,4.762604952
10045,3.975247383
10046,4.33369565
10047,3.747589707
10048,4.028222561
10049,4.130708456
10050,2.681081057
10051,4.608342648
10052,4.041435719
10053,4.064718723
10054,2.194773912
10055,2.580993533
10056,4.17721653
10057,3.916192055
10058,4.781714678
10059,2.81357038
10060,4.012127399
10061,4.091211319
10062,3.968674183
10063,3.499981284
10064,3.923081875
10065,3.757216454
10066,3.972194552
10067,3.98187685
10068,3.781635761
10069,3.906512737
10070,3.899450898
10071,4.133607864
10072,2.42846036
10073,3.970258951
10074,3.470025301
10075,3.961267114
10076,4.561985493
10077,4.58442831
10078,3.902985215
10079,4.55510354
10080,3.90447998
10081,3.978067756
10082,4.705009937
10083,3.966413498
10084,2.658730149
10085,3.995449901
10086,4.691856861
10087,4.198936462
10088,4.636237144
10089,3.20745647
10090,3.380354404
10091,4.082587719
10092,2.982598782
10093,3.963551521
10094,3.990885139
10095,4.101483345
10096,3.89273119
10097,3.901695848
10098,4.737325668
10099,4.440916419
10100,3.799161077
10101,3.789245486
10102,4.297061443
10103,3.94326067
10104,4.099056244
10105,3.93198061
10106,4.554302931
10107,3.302563787
10108,4.574365616
10109,4.50837636
10110,4.124293327
10111,4.065386295
10112,4.057392597
10113,4.030549526
10114,3.105232596
10115,4.17736578
10116,2.613779902
10117,4.833342314
10118,4.489713073
10119,2.773294926
10120,3.805303454
10121,4.103568792
10122,4.05184412
10123,3.770465851
10124,3.558960438
10125,3.372117519
10126,4.317359328
10127,2.924412847
10128,4.351563931
10129,3.5093081
10130,4.044397831
10131,3.653400898
10132,4.144529343
10133,3.329378366
10134,3.632886291
10135,3.326337814
10136,3.715544939
10137,2.399799705
10138,4.005979776
10139,4.049253464
10140,4.249260902
10141,3.970038772
10142,2.599034429
10143,4.55815506
10144,3.905573845
10145,3.967296362
10146,3.998307824
10147,4.697981834
10148,2.956965566
10149,3.037233829
10150,3.572232008
10151,4.838636398
10152,4.092272997
10153,3.303050399
10154,4.329308391
10155,3.30800879
10156,3.462409019
10157,4.031967163
10158,4.028552771
10159,3.878520966
10160,2.828302264
10161,4.072689056
10162,3.552807331
10163,3.562036514
10164,2.506712317
10165,4.271348715
10166,3.783327222
10167,3.793533921
10168,3.277748346
10169,3.928585291
10170,4.260771275
10171,3.443767428
10172,3.932622194
10173,4.431932807
10174,3.992181182
10175,3.54167366
10176,3.239101052
10177,4.099798203
10178,3.902771831
10179,3.877371907
10180,4.595339775
10181,3.886739373
10182,4.644237995
10183,3.868428111
10184,3.988309383
10185,4.741065979
10186,4.120480537
10187,3.886695147
10188,3.999320149
10189,4.373923421
10190,4.145373821
10191,3.874071121
10192,3.898086905
10193,3.632881165
10194,4.072083473
10195,4.609057188
10196,3.560049772
10197,4.129979372
10198,4.332416892
10199,3.915053368
10200,4.636300087
10201,4.668948174
10202,3.361563802
10203,4.02423048
10204,4.675533533
10205,3.301718235
10206,4.291564703
10207,4.029763222
10208,4.607522011
10209,3.579216838
10210,3.097272158
10211,4.494502544
10212,4.486538053
10213,4.059850931
10214,3.969674587
10215,3.956917167
10216,3.766994238
10217,3.914833784
10218,4.640546322
10219,3.98106277
10220,4.575219393
10221,2.860084057
10222,4.161607742
10223,3.365343213
10224,4.24966979
10225,3.515992641
10226,3.943684459
10227,2.890093088
10228,3.760412335
10229,3.934684396
10230,3.980114341
10231,3.970348954
10232,4.149066925
10233,3.851428032
10234,3.993270516
10235,3.137290478
10236,4.439995766
10237,3.111382484
10238,3.945897579
10239,3.977287889
10240,2.278225899
10241,3.931173086
10242,4.558169842
10243,2.953723788
10244,3.826591611
10245,3.587097168
10246,4.245880127
10247,3.740350246
10248,3.307091713
10249,4.613046169
10250,3.821747184
10251,3.412857771
10252,4.541920185
10253,4.085404873
10254,3.407449961
10255,4.058571339
10256,3.350565195
10257,4.047267199
10258,4.691311359
10259,3.518573284
10260,4.037080765
10261,3.395970464
10262,3.927796602
10263,2.524806142
10264,4.608184814
10265,3.905502915
10266,3.921412945
10267,3.883334994
10268,4.014061928
10269,4.121458054
10270,3.593446493
10271,3.066854835
10272,4.127682209
10273,4.467591643
10274,4.455108404
10275,4.361931205
10276,4.034110069
10277,4.741846561
10278,4.181877613
10279,4.021404028
10280,4.09331274
10281,4.589329004
10282,3.899916768
10283,3.823363543
10284,4.163686752
10285,4.849277258
10286,4.776542187
10287,2.533522129
10288,3.519627094
10289,4.56471014
10290,3.311622024
10291,4.542643547
10292,4.122456074
10293,3.910648704
10294,3.363305211
10295,4.14346385
10296,4.295863152
10297,3.818024397
10298,3.772221327
10299,4.059307098
10300,3.886184573
10301,4.095235825
10302,4.63513279
10303,3.233565927
10304,3.558879375
10305,4.037791729
10306,3.297958851
10307,3.882171273
10308,4.109635115
10309,3.458467722
10310,4.035557985
10311,3.421911359
10312,3.246666193
10313,3.870631933
10314,4.710336685
10315,3.961091399
10316,4.039577007
10317,3.917168379
10318,4.303704619
10319,4.091573715
10320,3.963671923
10321,3.951210618
10322,4.569337368
10323,4.117981434
10324,4.111834526
10325,3.894917488
10326,3.9435848
10327,3.949227929
10328,4.014089108
10329,3.713676691
10330,3.907267213
10331,4.023384571
10332,3.924442649
10333,3.981794715
10334,3.398351192
10335,4.224390984
10336,4.558891773
10337,4.16136837
10338,2.472330332
10339,4.73912859
10340,2.930172086
10341,4.754061222
10342,4.456385136
10343,4.772439718
10344,2.642384052
10345,3.14003849
10346,3.798519254
10347,4.501657486
10348,2.720233917
10349,4.582997799
10350,3.132809758
10351,4.378531814
10352,4.057468414
10353,3.216379046
10354,4.163985968
10355,3.891871929
10356,2.919820666
10357,3.435609221
10358,4.142197847
10359,3.524045467
10360,3.445701122
10361,3.862190843
10362,3.285314918
10363,3.982141733
10364,3.949709773
10365,3.973932505
10366,2.90692544
10367,3.777860761
10368,2.33460927
10369,3.39383018
10370,4.104743481
10371,3.83347702
10372,4.160006046
10373,4.129312038
10374,3.868438363
10375,4.478478909
10376,3.878491402
10377,4.637209177
10378,3.61989677
10379,4.595245361
10380,4.087642431
10381,4.218878269
10382,4.023647308
10383,4.629577637
10384,4.416091442
10385,4.044157505
10386,3.785063386
10387,4.832612991
10388,3.860464692
10389,4.035660744
10390,3.326873541
10391,3.34684217
10392,3.751503706
10393,4.03188467
10394,4.004302979
10395,3.909137368
10396,4.084880352
10397,4.124631882
10398,1.725966454
10399,3.727210283
10400,2.869084716
10401,4.270082712
10402,4.117109537
10403,4.73871088
10404,4.100895882
10405,4.19336772
10406,4.055622816
10407,3.738791704
10408,3.699118614
10409,4.526499987
10410,3.462422848
10411,4.00738287
10412,3.953834295
10413,3.883026719
10414,3.487490177
10415,3.371668935
10416,3.848641992
10417,2.123059511
10418,4.141242266
10419,3.301261067
10420,3.934345126
10421,3.925580859
10422,3.849499345
10423,3.975261331
10424,4.62046051
10425,3.886683345
10426,3.777416468
10427,3.737067699
10428,2.288206458
10429,3.954395533
10430,3.972064257
10431,4.460684299
10432,4.592806816
10433,4.161599636
10434,4.152627945
10435,4.602115154
10436,4.834551334
10437,2.88483119
10438,4.02849555
10439,3.381794333
10440,3.908118606
10441,3.942646027
10442,4.509814739
10443,4.599864483
10444,3.797866344
10445,4.5020895
10446,3.452068925
10447,2.984986067
10448,4.07189846
10449,4.19392395
10450,4.186614037
10451,4.358051658
10452,4.060263634
10453,2.822035551
10454,4.165663719
10455,3.895702243
10456,4.537089825
10457,4.769966602
10458,4.807627201
10459,3.165512085
10460,4.232350111
10461,3.996807933
10462,3.276960611
10463,3.946592212
10464,2.845971107
10465,4.475723505
10466,4.558341503
10467,3.868031621
10468,4.525788307
10469,3.93857336
10470,4.084460735
10471,4.329961777
10472,4.115501881
10473,4.117525578
10474,3.295944571
10475,4.023815155
10476,3.249886274
10477,3.596696854
10478,4.029952526
10479,4.196239948
10480,4.420192719
10481,4.028962612
10482,4.435512066
10483,4.193710327
10484,4.13917017
10485,4.02592802
10486,3.968587399
10487,3.084538221
10488,3.974147677
10489,3.561960936
10490,3.941532612
10491,3.985691547
10492,4.068391323
10493,3.844385505
10494,3.454642415
10495,4.051019907
10496,4.609149456
10497,3.42118907
10498,4.014454365
10499,3.969213486
10500,4.132924557
10501,3.493105769
10502,4.510840178
10503,4.076516628
10504,4.137785912
10505,4.709788322
10506,3.373068929
10507,4.69661808
10508,4.475361347
10509,3.18855679
10510,3.740284204
10511,3.192207932
10512,4.102796555
10513,3.004246712
10514,3.989831209
10515,4.578238487
10516,3.937297106
10517,4.131173611
10518,3.918624043
10519,4.502884388
10520,4.086859226
10521,3.702130795
10522,4.071594715
10523,4.435946703
10524,4.139605045
10525,3.804772854
10526,4.502250195
10527,2.88262713
10528,3.806820989
10529,3.891328692
10530,4.365543127
10531,3.989746571
10532,4.053340435
10533,3.132562637
10534,4.100705147
10535,3.814881206
10536,4.32696414
10537,3.719853044
10538,4.534787655
10539,4.232820511
10540,4.133715153
10541,2.645598412
10542,3.928014636
10543,4.078762531
10544,4.136832237
10545,2.836227417
10546,4.236045837
10547,3.292675734
10548,4.006237507
10549,3.519749641
10550,4.076581001
10551,3.829142809
10552,4.391972065
10553,4.045422077
10554,4.21800518
10555,2.935212135
10556,3.619919062
10557,3.929219723
10558,3.703509808
10559,4.037392855
10560,3.097241282
10561,3.68097055
10562,3.760970831
10563,3.482305884
10564,3.966480613
10565,3.151031494
10566,2.516683102
10567,3.593978167
10568,4.04753828
10569,3.956727862
10570,3.14992106
10571,3.0720855
10572,4.098354816
10573,3.532675266
10574,3.931799412
10575,3.860844851
10576,3.360768676
10577,4.176460981
10578,2.662176967
10579,3.728262782
10580,3.170401335
10581,3.69542563
10582,3.212665558
10583,4.63069272
10584,4.357867122
10585,3.996839046
10586,3.867837667
10587,4.11545372
10588,4.574197769
10589,3.878053069
10590,3.390616059
10591,4.774570704
10592,3.973080516
10593,3.854980588
10594,4.125036478
10595,4.14285326
10596,4.062712193
10597,4.120253563
10598,2.76433146
10599,3.331338167
10600,4.459557772
10601,4.529990673
10602,4.134393692
10603,4.491654277
10604,4.110416651
10605,4.036436796
10606,3.901468992
10607,4.124270439
10608,4.613110304
10609,4.123209238
10610,4.018799305
10611,4.482616544
10612,4.082187653
10613,3.895539045
10614,4.09018755
10615,4.264783621
10616,2.923241258
10617,3.835492492
10618,3.846389294
10619,3.802715898
10620,4.256212473
10621,4.013780117
10622,4.001321316
10623,3.876352906
10624,3.634696126
10625,4.463142395
10626,3.714364767
10627,4.119292259
10628,4.617808819
10629,4.55777812
10630,4.036428928
10631,3.162585258
10632,3.959538937
10633,4.583611488
10634,4.768048286
10635,4.019237518
10636,3.732141018
10637,4.671266079
10638,4.060065985
10639,4.059690356
10640,4.134441853
10641,3.93136704
10642,2.56167233
10643,3.297621608
10644,4.663675308
10645,3.872362852
10646,3.267272592
10647,4.135094166
10648,4.063363552
10649,3.90667522
10650,4.04361248
10651,4.541001797
10652,2.454350114
10653,3.959773779
10654,2.535676479
10655,3.310180187
10656,4.125806093
10657,3.971871614
10658,4.120769978
10659,3.811904788
10660,4.124697208
10661,3.907226443
10662,3.870445848
10663,4.039485216
10664,4.614356041
10665,2.839117646
10666,3.880035162
10667,3.38265872
10668,4.026717663
10669,1.471299469
10670,4.847455502
10671,4.224966645
10672,3.421823025
10673,4.072732925
10674,3.986317754
10675,3.296551943
10676,3.692896843
10677,3.800818682
10678,4.068861961
10679,3.45117116
10680,3.888337374
10681,4.080265045
10682,3.310916305
10683,4.678809166
10684,3.965577722
10685,3.824078441
10686,3.76234746
10687,3.995340824
10688,1.653036356
10689,4.250127316
10690,3.618759513
10691,4.153663158
10692,4.153124332
10693,3.812283158
10694,3.787906766
10695,4.060135365
10696,3.940017462
10697,3.481619239
10698,3.918706179
10699,4.151891708
10700,4.628564596
10701,3.524749041
10702,3.893327355
10703,4.003512859
10704,4.04356432
10705,3.913092732
10706,3.985173821
10707,3.519990444
10708,3.996869445
10709,4.763342142
10710,3.866254687
10711,3.824259639
10712,1.815831065
10713,3.863312602
10714,4.431555152
10715,3.940757513
10716,4.967968702
10717,4.02783823
10718,3.513280869
10719,4.512506723
10720,3.886029005
10721,3.944252849
10722,4.056193829
10723,4.020329952
10724,2.871695042
10725,3.898549318
10726,4.303154945
10727,3.956225991
10728,4.454277039
10729,3.32614553
10730,4.616022348
10731,3.432791948
10732,4.254500151
10733,2.621653914
10734,3.910261631
10735,4.072080612
10736,2.876246333
10737,3.85725987
10738,3.684710503
10739,4.640103817
10740,4.028366804
10741,3.523278356
10742,2.704811454
10743,2.881736517
10744,4.071804762
10745,1.767902613
10746,4.0966115
10747,4.1477108
10748,4.011163473
10749,3.995454431
10750,4.595281601
10751,3.932154894
10752,4.133681536
10753,4.164172173
10754,3.939948678
10755,3.943272471
10756,3.953406334
10757,4.05646348
10758,2.777278185
10759,4.049108982
10760,3.855416656
10761,4.009507179
10762,3.702856064
10763,3.986700058
10764,4.156889439
10765,3.982969642
10766,3.359448791
10767,4.258702755
10768,4.139111042
10769,4.049686432
10770,2.125700951
10771,4.444542766
10772,3.704167366
10773,3.557555676
10774,3.879034638
10775,3.747339725
10776,3.753241301
10777,4.219307423
10778,4.084390163
10779,3.222646236
10780,3.999482632
10781,4.207622051
10782,3.92966783
10783,4.140347242
10784,3.820518613
10785,3.768161297
10786,4.065155506
10787,4.811415672
10788,3.158451557
10789,4.33738327
10790,3.924009442
10791,3.267845273
10792,4.652850151
10793,4.263828635
10794,3.452499509
10795,4.030802488
10796,3.052738786
10797,2.85414052
10798,3.979625463
10799,2.924316645
10800,4.148384094
10801,3.931304097
10802,3.718591571
10803,4.540495396
10804,3.859856606
10805,4.610470533
10806,4.437343121
10807,2.797294617
10808,3.789504409
10809,4.019155025
10810,4.049308777
10811,4.59589076
10812,4.721231937
10813,4.012420654
10814,3.995147824
10815,4.030230761
10816,4.687598228
10817,3.909383059
10818,2.394046068
10819,4.139462471
10820,3.339758039
10821,2.868248105
10822,4.138168573
10823,4.110979319
10824,4.831458807
10825,3.898062825
10826,3.91730535
10827,3.776784539
10828,3.42400825
10829,4.147162914
10830,3.260133386
10831,4.495661497
10832,3.924525857
10833,4.119827271
10834,1.907473922
10835,3.710612655
10836,3.347145319
10837,4.052463055
10838,4.263728142
10839,3.873042107
10840,4.042118549
10841,4.119751215
10842,4.41358614
10843,3.831558466
10844,4.068665266
10845,4.061273098
10846,2.761781693
10847,3.975474596
10848,3.203868866
10849,4.049174309
10850,4.008104324
10851,4.443016052
10852,3.958351493
10853,4.045297623
10854,2.407365918
10855,3.964195728
10856,4.557395935
10857,4.00333333
10858,4.046327591
10859,4.058391809
10860,4.038174629
10861,4.585865498
10862,3.947562814
10863,3.898543477
10864,3.992303133
10865,3.399481654
10866,4.505768776
10867,4.044442654
10868,3.270043492
10869,3.792438984
10870,3.330351472
10871,3.86058712
10872,3.841974139
10873,4.156094551
10874,3.828732014
10875,4.136095047
10876,4.343201041
10877,3.40285778
10878,4.257076263
10879,4.42656064
10880,3.987324595
10881,2.925421238
10882,4.619218349
10883,4.783403635
10884,4.884883881
10885,4.02456522
10886,4.001739979
10887,2.780250549
10888,3.91411531
10889,4.045563221
10890,2.56583786
10891,4.244067907
10892,4.592174053
10893,4.620932579
10894,4.560337543
10895,4.243592262
10896,4.603924274
10897,3.933455586
10898,3.828960061
10899,3.627554178
10900,4.056856155
10901,4.117999077
10902,3.988301635
10903,3.91782546
10904,3.891179681
10905,4.273569465
10906,3.783194304
10907,3.913493872
10908,4.036866665
10909,3.375240326
10910,4.853589773
10911,4.480953813
10912,3.879512429
10913,4.367749095
10914,4.162065744
10915,3.832650423
10916,3.856301069
10917,4.165168524
10918,2.768860221
10919,3.899945974
10920,3.481913567
10921,3.554517865
10922,4.551846981
10923,4.56479311
10924,3.961734176
10925,4.064105511
10926,2.771413326
10927,3.877869368
10928,4.432984591
10929,4.686923981
10930,4.172439575
10931,3.898371577
10932,3.857196093
10933,3.194507837
10934,4.038181305
10935,2.925342083
10936,4.024936676
10937,3.307048202
10938,3.172530055
10939,4.282906294
10940,3.424422979
10941,4.523764133
10942,3.913811803
10943,3.771507263
10944,3.081892014
10945,2.273600101
10946,3.947805643
10947,4.15180397
10948,3.925058007
10949,4.723563671
10950,4.054395914
10951,3.990047574
10952,4.098286152
10953,4.427274227
10954,3.94671154
10955,3.331863761
10956,3.83523345
10957,3.435446262
10958,4.662679434
10959,4.069131374
10960,3.066224575
10961,4.092808962
10962,4.476875186
10963,3.28546083
10964,3.629610062
10965,3.735005379
10966,4.05858469
10967,3.965801001
10968,4.970477104
