,happiness
8001,3.643
8002,3.1
8003,3.135
8004,4.275
8005,3.111
8006,4.049
8007,4.022
8008,4.461
8009,3.976
8010,2.795
8011,3.3
8012,3.839
8013,4.331
8014,3.487
8015,3.825
8016,4.401
8017,3.618
8018,4.241
8019,4.102
8020,3.867
8021,4.191
8022,3.899
8023,4.171
8024,3.812
8025,2.971
8026,4.119
8027,4.071
8028,3.789
8029,4.126
8030,4.153
8031,3.909
8032,3.878
8033,4.125
8034,3.643
8035,3.507
8036,4.498
8037,3.941
8038,3.958
8039,3.703
8040,4.125
8041,4.271
8042,4.082
8043,3.676
8044,3.975
8045,4.185
8046,4.115
8047,3.954
8048,4.111
8049,3.816
8050,4.27
8051,3.783
8052,4.06
8053,3.146
8054,3.974
8055,4.162
8056,2.703
8057,3.773
8058,3.476
8059,3.286
8060,4.153
8061,3.024
8062,3.525
8063,3.994
8064,4.055
8065,4.01
8066,4.18
8067,4.153
8068,4.067
8069,3.679
8070,4.087
8071,3.862
8072,4.368
8073,3.552
8074,3.781
8075,3.358
8076,3.677
8077,3.374
8078,3.986
8079,4.396
8080,3.81
8081,3.894
8082,3.708
8083,4.192
8084,4.177
8085,4.528
8086,3.977
8087,3.745
8088,4.09
8089,3.629
8090,3.916
8091,3.997
8092,3.6
8093,3.893
8094,4.055
8095,4.409
8096,3.575
8097,4.193
8098,3.782
8099,3.419
8100,3.995
8101,4.081
8102,4.037
8103,3.428
8104,4.393
8105,4.043
8106,4.091
8107,4.202
8108,4.024
8109,3.373
8110,3.599
8111,4.148
8112,3.78
8113,3.75
8114,4.478
8115,4.0
8116,3.96
8117,3.79
8118,3.606
8119,3.777
8120,4.236
8121,3.192
8122,4.088
8123,3.73
8124,3.942
8125,3.967
8126,4.439
8127,2.672
8128,3.614
8129,3.913
8130,4.002
8131,3.799
8132,3.976
8133,4.286
8134,4.016
8135,4.093
8136,4.113
8137,4.166
8138,3.606
8139,4.024
8140,3.326
8141,3.994
8142,3.931
8143,4.196
8144,3.716
8145,3.99
8146,2.698
8147,4.161
8148,3.034
8149,3.836
8150,4.012
8151,2.829
8152,4.058
8153,3.698
8154,3.447
8155,3.698
8156,3.384
8157,3.784
8158,3.429
8159,4.07
8160,4.114
8161,3.635
8162,4.154
8163,3.775
8164,3.725
8165,4.085
8166,4.241
8167,3.781
8168,3.036
8169,3.337
8170,3.998
8171,4.043
8172,4.005
8173,3.407
8174,3.836
8175,3.672
8176,4.234
8177,2.882
8178,4.115
8179,4.159
8180,3.279
8181,3.802
8182,3.726
8183,3.974
8184,3.897
8185,3.542
8186,3.838
8187,4.19
8188,3.804
8189,4.162
8190,4.322
8191,3.806
8192,3.702
8193,4.025
8194,4.028
8195,4.47
8196,3.4
8197,3.785
8198,4.146
8199,4.037
8200,4.525
8201,3.42
8202,4.094
8203,3.889
8204,4.076
8205,4.089
8206,4.019
8207,3.765
8208,3.923
8209,4.009
8210,3.455
8211,3.851
8212,4.092
8213,4.177
8214,4.231
8215,3.933
8216,3.719
8217,3.311
8218,3.79
8219,3.802
8220,4.086
8221,4.528
8222,3.81
8223,3.18
8224,3.905
8225,4.121
8226,3.977
8227,4.363
8228,3.25
8229,4.055
8230,3.333
8231,3.815
8232,3.582
8233,3.692
8234,3.64
8235,3.542
8236,2.862
8237,3.772
8238,4.063
8239,3.905
8240,3.344
8241,3.283
8242,3.831
8243,4.319
8244,4.018
8245,3.338
8246,4.077
8247,3.85
8248,3.985
8249,4.163
8250,4.035
8251,4.385
8252,4.418
8253,3.838
8254,3.968
8255,3.935
8256,3.549
8257,4.165
8258,2.999
8259,4.146
8260,4.039
8261,4.281
8262,3.691
8263,4.085
8264,3.784
8265,4.08
8266,3.372
8267,3.498
8268,3.962
8269,3.603
8270,3.725
8271,3.214
8272,4.062
8273,3.9
8274,3.834
8275,4.233
8276,4.155
8277,3.971
8278,3.827
8279,4.224
8280,4.204
8281,4.222
8282,4.015
8283,3.952
8284,4.144
8285,3.705
8286,2.519
8287,4.127
8288,3.974
8289,4.012
8290,4.303
8291,3.903
8292,4.055
8293,3.791
8294,4.265
8295,3.501
8296,4.058
8297,3.755
8298,4.645
8299,2.629
8300,3.237
8301,3.936
8302,4.18
8303,4.104
8304,3.951
8305,4.009
8306,4.518
8307,3.886
8308,4.17
8309,3.504
8310,3.761
8311,4.091
8312,4.239
8313,4.272
8314,3.03
8315,4.037
8316,4.197
8317,3.85
8318,4.132
8319,3.686
8320,3.9
8321,4.307
8322,4.318
8323,3.753
8324,3.801
8325,4.024
8326,4.225
8327,3.724
8328,4.092
8329,3.019
8330,4.447
8331,4.338
8332,3.816
8333,3.587
8334,4.085
8335,3.697
8336,4.038
8337,3.526
8338,4.158
8339,3.905
8340,3.62
8341,4.022
8342,3.918
8343,3.182
8344,4.055
8345,4.038
8346,3.516
8347,3.225
8348,4.061
8349,4.042
8350,3.225
8351,4.035
8352,3.475
8353,3.415
8354,4.184
8355,3.562
8356,4.197
8357,3.812
8358,3.977
8359,3.648
8360,3.889
8361,3.77
8362,3.909
8363,3.551
8364,3.527
8365,3.818
8366,3.812
8367,4.06
8368,4.069
8369,3.428
8370,3.431
8371,4.153
8372,3.783
8373,2.549
8374,3.235
8375,3.971
8376,4.6
8377,4.153
8378,4.026
8379,4.063
8380,3.554
8381,4.32
8382,3.903
8383,4.279
8384,3.406
8385,3.975
8386,4.28
8387,4.118
8388,3.693
8389,3.273
8390,4.067
8391,3.585
8392,3.507
8393,4.103
8394,4.055
8395,4.059
8396,3.763
8397,4.011
8398,3.595
8399,4.254
8400,3.92
8401,4.646
8402,3.887
8403,4.271
8404,3.965
8405,3.834
8406,4.099
8407,3.985
8408,4.718
8409,3.998
8410,3.853
8411,3.998
8412,3.59
8413,4.053
8414,4.306
8415,3.54
8416,4.006
8417,3.918
8418,4.619
8419,3.352
8420,3.589
8421,4.035
8422,3.659
8423,4.343
8424,3.414
8425,3.855
8426,4.025
8427,3.79
8428,4.2
8429,3.957
8430,4.02
8431,4.129
8432,3.99
8433,4.028
8434,3.99
8435,3.903
8436,3.654
8437,4.023
8438,4.009
8439,3.527
8440,3.255
8441,4.109
8442,4.086
8443,4.148
8444,3.766
8445,3.641
8446,3.93
8447,3.526
8448,3.366
8449,3.773
8450,3.518
8451,3.183
8452,2.982
8453,4.165
8454,3.667
8455,3.557
8456,3.723
8457,3.896
8458,4.031
8459,4.299
8460,3.934
8461,3.761
8462,3.5
8463,3.955
8464,3.904
8465,3.722
8466,4.42
8467,2.785
8468,3.552
8469,3.979
8470,3.896
8471,4.095
8472,4.071
8473,3.922
8474,3.95
8475,3.846
8476,4.234
8477,4.264
8478,3.896
8479,4.029
8480,3.36
8481,3.914
8482,3.288
8483,3.527
8484,4.283
8485,4.047
8486,4.618
8487,4.003
8488,4.053
8489,4.565
8490,4.388
8491,4.087
8492,4.14
8493,3.957
8494,3.724
8495,4.123
8496,4.56
8497,2.766
8498,3.535
8499,4.169
8500,3.854
8501,3.903
8502,2.904
8503,3.966
8504,3.443
8505,3.048
8506,4.069
8507,4.053
8508,3.238
8509,4.496
8510,3.987
8511,3.754
8512,4.207
8513,3.809
8514,4.247
8515,3.68
8516,3.518
8517,3.653
8518,3.071
8519,4.13
8520,4.243
8521,3.988
8522,3.171
8523,3.831
8524,3.885
8525,3.786
8526,4.689
8527,3.556
8528,3.457
8529,4.033
8530,4.118
8531,4.367
8532,4.073
8533,3.928
8534,4.021
8535,4.194
8536,3.741
8537,3.434
8538,3.523
8539,4.056
8540,4.106
8541,4.02
8542,3.267
8543,3.479
8544,4.03
8545,3.89
8546,3.671
8547,3.972
8548,4.597
8549,3.255
8550,3.844
8551,4.122
8552,4.149
8553,4.23
8554,3.815
8555,4.289
8556,4.023
8557,4.032
8558,3.689
8559,3.967
8560,3.021
8561,4.053
8562,4.258
8563,3.548
8564,3.93
8565,4.416
8566,4.139
8567,4.392
8568,3.733
8569,2.114
8570,4.079
8571,3.928
8572,3.259
8573,2.416
8574,3.846
8575,4.074
8576,3.641
8577,3.811
8578,4.054
8579,3.919
8580,4.371
8581,4.176
8582,3.868
8583,4.364
8584,3.56
8585,4.026
8586,4.193
8587,3.788
8588,4.362
8589,4.252
8590,3.95
8591,4.062
8592,4.141
8593,3.801
8594,3.755
8595,3.206
8596,4.1
8597,3.817
8598,3.839
8599,3.748
8600,3.597
8601,3.195
8602,3.14
8603,3.611
8604,3.805
8605,3.467
8606,4.027
8607,3.911
8608,3.673
8609,4.278
8610,3.169
8611,4.523
8612,3.611
8613,3.978
8614,3.813
8615,4.483
8616,4.523
8617,4.055
8618,3.926
8619,3.998
8620,4.061
8621,2.567
8622,4.049
8623,4.612
8624,3.09
8625,2.506
8626,4.115
8627,4.05
8628,4.106
8629,3.848
8630,4.245
8631,3.626
8632,2.958
8633,3.979
8634,3.686
8635,3.192
8636,3.335
8637,3.635
8638,4.098
8639,3.244
8640,3.081
8641,4.206
8642,3.215
8643,3.655
8644,4.319
8645,3.647
8646,3.728
8647,3.727
8648,3.95
8649,4.523
8650,3.314
8651,4.131
8652,3.068
8653,4.089
8654,4.311
8655,3.526
8656,3.956
8657,4.257
8658,2.75
8659,3.234
8660,4.191
8661,4.103
8662,4.408
8663,4.561
8664,3.375
8665,3.945
8666,4.074
8667,4.417
8668,4.125
8669,3.244
8670,3.919
8671,3.415
8672,4.171
8673,3.213
8674,4.234
8675,3.39
8676,4.273
8677,3.72
8678,3.809
8679,4.001
8680,2.923
8681,3.788
8682,3.671
8683,3.919
8684,4.076
8685,3.896
8686,4.091
8687,4.118
8688,4.17
8689,4.126
8690,4.113
8691,3.951
8692,3.911
8693,3.816
8694,3.076
8695,3.806
8696,4.035
8697,4.076
8698,4.002
8699,3.759
8700,4.129
8701,4.326
8702,4.017
8703,3.998
8704,3.94
8705,3.596
8706,3.289
8707,4.169
8708,4.205
8709,3.322
8710,4.044
8711,3.693
8712,4.163
8713,4.111
8714,3.756
8715,4.385
8716,3.892
8717,4.079
8718,3.452
8719,4.165
8720,3.777
8721,3.812
8722,4.037
8723,3.181
8724,4.229
8725,3.297
8726,3.953
8727,3.891
8728,3.819
8729,4.394
8730,3.101
8731,4.034
8732,3.897
8733,3.834
8734,3.599
8735,3.845
8736,2.87
8737,4.101
8738,4.023
8739,4.102
8740,3.765
8741,3.854
8742,3.986
8743,4.035
8744,3.441
8745,3.968
8746,4.108
8747,3.899
8748,4.495
8749,4.182
8750,4.092
8751,4.351
8752,3.238
8753,4.078
8754,3.494
8755,4.082
8756,3.103
8757,4.134
8758,4.055
8759,4.401
8760,3.513
8761,3.806
8762,2.372
8763,4.102
8764,3.771
8765,3.861
8766,4.41
8767,3.808
8768,4.086
8769,3.953
8770,3.902
8771,4.43
8772,4.028
8773,4.465
8774,4.006
8775,3.664
8776,4.045
8777,4.197
8778,3.676
8779,3.483
8780,3.666
8781,3.167
8782,4.099
8783,4.368
8784,4.106
8785,4.157
8786,3.99
8787,3.143
8788,3.396
8789,3.585
8790,3.893
8791,3.229
8792,3.714
8793,4.084
8794,4.214
8795,4.161
8796,4.254
8797,3.241
8798,3.869
8799,4.304
8800,3.869
8801,3.637
8802,3.202
8803,4.18
8804,3.938
8805,3.77
8806,3.839
8807,4.221
8808,4.446
8809,3.674
8810,4.441
8811,3.011
8812,4.128
8813,4.324
8814,3.441
8815,4.443
8816,3.574
8817,3.452
8818,3.901
8819,3.875
8820,2.21
8821,4.143
8822,3.31
8823,3.967
8824,3.928
8825,3.582
8826,3.773
8827,3.918
8828,3.847
8829,3.306
8830,3.281
8831,4.496
8832,3.67
8833,4.075
8834,3.754
8835,3.665
8836,3.58
8837,3.943
8838,4.107
8839,3.409
8840,4.048
8841,4.345
8842,4.316
8843,4.066
8844,3.714
8845,4.432
8846,4.114
8847,3.051
8848,3.722
8849,2.96
8850,2.178
8851,4.1
8852,3.613
8853,3.888
8854,3.519
8855,3.388
8856,3.962
8857,4.12
8858,3.437
8859,3.43
8860,4.03
8861,3.426
8862,3.571
8863,4.092
8864,3.919
8865,4.291
8866,4.138
8867,3.848
8868,4.318
8869,3.56
8870,4.006
8871,3.638
8872,4.115
8873,3.237
8874,3.033
8875,3.769
8876,3.416
8877,4.374
8878,4.157
8879,4.1
8880,3.929
8881,3.92
8882,3.552
8883,3.267
8884,3.38
8885,3.713
8886,2.954
8887,3.515
8888,4.458
8889,3.712
8890,4.172
8891,4.021
8892,3.662
8893,3.93
8894,3.925
8895,4.603
8896,4.104
8897,4.07
8898,3.846
8899,4.414
8900,3.694
8901,4.214
8902,3.702
8903,3.868
8904,3.8
8905,3.78
8906,3.127
8907,4.164
8908,3.549
8909,3.992
8910,4.122
8911,4.154
8912,4.507
8913,4.148
8914,4.055
8915,4.354
8916,3.863
8917,3.286
8918,3.964
8919,4.308
8920,3.473
8921,3.453
8922,3.925
8923,3.946
8924,4.006
8925,3.849
8926,4.09
8927,4.056
8928,3.021
8929,4.029
8930,4.713
8931,3.411
8932,3.351
8933,3.345
8934,4.054
8935,3.769
8936,3.872
8937,3.594
8938,3.893
8939,3.909
8940,3.746
8941,3.617
8942,3.92
8943,3.714
8944,3.582
8945,3.909
8946,4.054
8947,3.408
8948,4.025
8949,3.828
8950,3.777
8951,2.882
8952,4.192
8953,3.682
8954,3.947
8955,3.179
8956,3.39
8957,3.976
8958,4.008
8959,4.055
8960,4.081
8961,3.976
8962,3.851
8963,3.883
8964,4.246
8965,3.876
8966,4.076
8967,4.15
8968,3.562
8969,4.447
8970,4.037
8971,3.881
8972,3.226
8973,3.673
8974,4.012
8975,3.785
8976,4.084
8977,4.265
8978,3.888
8979,4.363
8980,3.407
8981,4.154
8982,3.424
8983,4.135
8984,4.112
8985,3.926
8986,4.244
8987,3.513
8988,4.433
8989,4.245
8990,3.838
8991,4.289
8992,4.054
8993,3.35
8994,3.945
8995,4.12
8996,3.648
8997,3.367
8998,3.845
8999,4.035
9000,3.859
9001,3.851
9002,4.41
9003,4.029
9004,2.478
9005,4.06
9006,4.132
9007,3.486
9008,3.887
9009,3.579
9010,4.182
9011,3.514
9012,4.054
9013,3.81
9014,3.484
9015,3.835
9016,4.215
9017,4.067
9018,4.025
9019,3.643
9020,3.937
9021,4.065
9022,4.363
9023,2.977
9024,3.743
9025,3.3
9026,4.459
9027,3.28
9028,3.966
9029,3.216
9030,3.953
9031,4.053
9032,4.499
9033,2.796
9034,4.209
9035,4.057
9036,3.603
9037,4.07
9038,3.961
9039,2.44
9040,3.723
9041,3.903
9042,3.303
9043,3.954
9044,4.137
9045,3.363
9046,3.297
9047,2.332
9048,4.553
9049,4.029
9050,4.235
9051,4.206
9052,3.725
9053,4.121
9054,2.945
9055,3.954
9056,3.485
9057,4.324
9058,4.039
9059,3.986
9060,3.976
9061,3.993
9062,3.67
9063,3.793
9064,3.863
9065,4.105
9066,3.36
9067,3.921
9068,3.759
9069,3.179
9070,3.979
9071,3.335
9072,4.058
9073,4.091
9074,3.518
9075,2.941
9076,3.955
9077,4.083
9078,3.198
9079,4.214
9080,3.707
9081,4.003
9082,3.882
9083,3.991
9084,4.069
9085,4.269
9086,3.65
9087,4.519
9088,3.747
9089,4.384
9090,3.593
9091,3.091
9092,3.957
9093,3.733
9094,4.031
9095,3.922
9096,4.046
9097,3.717
9098,3.909
9099,3.553
9100,4.274
9101,4.238
9102,4.221
9103,4.191
9104,3.579
9105,3.862
9106,3.502
9107,3.936
9108,4.33
9109,4.287
9110,3.684
9111,4.278
9112,3.605
9113,4.071
9114,3.953
9115,3.678
9116,3.915
9117,4.161
9118,4.217
9119,3.99
9120,4.18
9121,3.595
9122,4.03
9123,3.783
9124,3.707
9125,3.708
9126,3.698
9127,4.241
9128,4.114
9129,3.287
9130,2.98
9131,3.774
9132,3.89
9133,3.687
9134,3.941
9135,4.228
9136,3.851
9137,3.812
9138,3.786
9139,3.634
9140,4.655
9141,3.805
9142,4.185
9143,3.042
9144,4.013
9145,3.948
9146,4.157
9147,2.355
9148,3.539
9149,4.185
9150,4.053
9151,4.286
9152,4.102
9153,4.461
9154,4.123
9155,4.242
9156,4.147
9157,3.801
9158,3.505
9159,4.009
9160,2.694
9161,3.116
9162,3.996
9163,4.231
9164,4.095
9165,4.045
9166,3.565
9167,3.574
9168,4.291
9169,4.008
9170,3.79
9171,3.394
9172,4.109
9173,4.149
9174,3.84
9175,4.235
9176,3.933
9177,4.145
9178,3.519
9179,3.509
9180,3.741
9181,4.082
9182,2.1
9183,4.116
9184,3.236
9185,3.265
9186,3.985
9187,3.813
9188,3.65
9189,4.323
9190,2.285
9191,4.143
9192,4.071
9193,4.042
9194,3.953
9195,3.852
9196,3.971
9197,3.791
9198,4.119
9199,4.165
9200,3.88
9201,3.737
9202,3.692
9203,4.068
9204,3.996
9205,4.061
9206,4.399
9207,3.609
9208,4.006
9209,4.067
9210,4.54
9211,3.287
9212,4.094
9213,3.838
9214,4.082
9215,4.033
9216,3.924
9217,3.784
9218,3.966
9219,4.192
9220,3.869
9221,4.017
9222,3.357
9223,3.842
9224,3.212
9225,3.67
9226,4.071
9227,2.627
9228,3.048
9229,3.479
9230,4.257
9231,3.484
9232,4.048
9233,4.036
9234,4.006
9235,2.259
9236,4.02
9237,3.806
9238,3.85
9239,3.821
9240,3.908
9241,4.392
9242,3.881
9243,4.014
9244,3.48
9245,3.838
9246,4.111
9247,3.965
9248,4.716
9249,4.061
9250,4.224
9251,3.241
9252,4.532
9253,3.525
9254,3.739
9255,4.27
9256,3.856
9257,3.881
9258,3.699
9259,4.228
9260,3.964
9261,4.132
9262,3.636
9263,3.625
9264,3.76
9265,4.179
9266,3.85
9267,3.856
9268,4.341
9269,4.022
9270,4.564
9271,4.192
9272,4.271
9273,3.555
9274,2.666
9275,4.54
9276,4.044
9277,3.742
9278,3.646
9279,4.169
9280,3.321
9281,3.974
9282,4.374
9283,3.696
9284,4.409
9285,3.724
9286,3.966
9287,4.358
9288,2.773
9289,3.799
9290,3.683
9291,4.311
9292,3.599
9293,3.303
9294,3.737
9295,2.612
9296,4.504
9297,3.483
9298,3.467
9299,3.121
9300,3.703
9301,4.16
9302,4.128
9303,4.456
9304,3.072
9305,3.916
9306,3.976
9307,3.957
9308,4.177
9309,4.216
9310,2.987
9311,4.114
9312,2.989
9313,3.915
9314,3.826
9315,3.302
9316,3.941
9317,3.805
9318,3.661
9319,4.185
9320,3.387
9321,4.174
9322,3.781
9323,3.891
9324,3.415
9325,3.615
9326,3.772
9327,4.457
9328,3.014
9329,3.734
9330,3.581
9331,3.911
9332,4.164
9333,4.157
9334,3.738
9335,3.92
9336,3.79
9337,4.027
9338,4.122
9339,3.921
9340,4.222
9341,2.768
9342,3.988
9343,3.422
9344,3.68
9345,3.454
9346,3.702
9347,3.281
9348,3.383
9349,3.73
9350,3.307
9351,3.854
9352,3.929
9353,3.148
9354,4.0
9355,4.111
9356,3.869
9357,4.332
9358,4.256
9359,3.55
9360,2.639
9361,3.984
9362,4.303
9363,4.106
9364,3.352
9365,3.388
9366,3.788
9367,4.156
9368,4.498
9369,4.106
9370,4.332
9371,4.058
9372,3.942
9373,4.086
9374,3.376
9375,3.994
9376,3.603
9377,3.982
9378,3.908
9379,4.348
9380,3.962
9381,4.103
9382,4.223
9383,3.098
9384,4.041
9385,4.095
9386,4.103
9387,4.121
9388,4.127
9389,4.094
9390,4.017
9391,2.955
9392,3.684
9393,4.166
9394,4.081
9395,3.537
9396,3.992
9397,4.346
9398,3.489
9399,3.545
9400,3.784
9401,4.046
9402,3.897
9403,4.325
9404,3.769
9405,4.031
9406,3.925
9407,3.003
9408,4.307
9409,4.059
9410,3.897
9411,4.06
9412,3.091
9413,4.157
9414,3.982
9415,3.732
9416,3.31
9417,3.621
9418,4.229
9419,3.529
9420,4.094
9421,4.106
9422,3.897
9423,3.392
9424,3.26
9425,3.9
9426,3.721
9427,3.93
9428,3.841
9429,3.194
9430,3.079
9431,3.159
9432,3.933
9433,4.167
9434,3.481
9435,3.652
9436,3.713
9437,3.606
9438,3.626
9439,3.945
9440,2.993
9441,4.254
9442,3.439
9443,4.091
9444,4.058
9445,4.208
9446,4.456
9447,3.786
9448,4.081
9449,4.091
9450,2.966
9451,4.192
9452,4.142
9453,4.016
9454,3.915
9455,3.854
9456,3.969
9457,4.729
9458,3.874
9459,3.913
9460,3.979
9461,3.492
9462,3.8
9463,3.732
9464,3.533
9465,4.146
9466,3.154
9467,3.893
9468,3.914
9469,3.985
9470,3.655
9471,3.415
9472,4.009
9473,3.533
9474,4.167
9475,3.55
9476,4.361
9477,4.611
9478,3.134
9479,4.03
9480,4.347
9481,2.522
9482,4.134
9483,3.872
9484,4.504
9485,3.549
9486,4.127
9487,2.889
9488,4.076
9489,3.663
9490,4.333
9491,4.063
9492,3.686
9493,3.486
9494,2.579
9495,4.351
9496,4.054
9497,3.596
9498,4.231
9499,2.778
9500,3.461
9501,3.949
9502,4.262
9503,3.798
9504,4.086
9505,4.024
9506,3.89
9507,3.891
9508,3.732
9509,3.38
9510,4.145
9511,3.924
9512,3.934
9513,3.773
9514,3.718
9515,3.978
9516,4.19
9517,3.017
9518,3.771
9519,4.026
9520,4.01
9521,4.004
9522,3.434
9523,3.536
9524,3.925
9525,2.976
9526,3.723
9527,3.303
9528,3.177
9529,3.887
9530,4.215
9531,4.24
9532,3.099
9533,3.407
9534,3.181
9535,3.028
9536,4.09
9537,3.763
9538,3.933
9539,3.44
9540,2.985
9541,3.399
9542,4.255
9543,3.648
9544,3.369
9545,3.825
9546,3.963
9547,3.677
9548,3.996
9549,3.316
9550,4.368
9551,3.489
9552,3.872
9553,4.107
9554,4.005
9555,4.055
9556,3.71
9557,2.602
9558,4.025
9559,4.223
9560,3.734
9561,4.253
9562,4.201
9563,4.104
9564,3.331
9565,4.191
9566,4.383
9567,3.647
9568,4.285
9569,4.078
9570,3.98
9571,3.937
9572,4.13
9573,3.862
9574,3.671
9575,4.371
9576,4.254
9577,4.164
9578,3.834
9579,4.036
9580,4.087
9581,4.292
9582,3.519
9583,4.123
9584,3.124
9585,4.264
9586,3.543
9587,3.931
9588,3.346
9589,4.184
9590,4.704
9591,3.243
9592,3.948
9593,3.913
9594,3.918
9595,4.012
9596,3.674
9597,3.973
9598,3.92
9599,3.109
9600,4.326
9601,4.255
9602,3.875
9603,4.255
9604,3.59
9605,3.695
9606,4.398
9607,3.784
9608,3.377
9609,4.095
9610,3.845
9611,3.799
9612,3.973
9613,4.186
9614,3.261
9615,4.086
9616,3.846
9617,3.929
9618,4.02
9619,3.796
9620,3.842
9621,3.527
9622,3.408
9623,3.611
9624,4.034
9625,4.006
9626,4.32
9627,4.057
9628,3.947
9629,3.753
9630,4.041
9631,4.293
9632,4.105
9633,4.582
9634,3.822
9635,2.395
9636,3.6
9637,2.829
9638,3.899
9639,3.832
9640,3.992
9641,4.117
9642,3.511
9643,4.564
9644,3.923
9645,3.651
9646,4.585
9647,3.525
9648,3.668
9649,4.556
9650,3.289
9651,3.944
9652,3.993
9653,4.038
9654,3.797
9655,3.894
9656,3.737
9657,4.099
9658,4.184
9659,3.792
9660,4.046
9661,4.087
9662,3.933
9663,4.186
9664,4.152
9665,4.288
9666,4.073
9667,3.87
9668,3.861
9669,3.983
9670,3.728
9671,3.403
9672,3.589
9673,4.01
9674,3.348
9675,3.526
9676,4.178
9677,2.741
9678,4.174
9679,3.924
9680,4.288
9681,4.02
9682,3.971
9683,4.527
9684,4.482
9685,3.892
9686,3.798
9687,4.131
9688,4.186
9689,4.126
9690,3.083
9691,4.181
9692,4.002
9693,3.969
9694,3.801
9695,3.87
9696,4.05
9697,4.422
9698,3.748
9699,3.355
9700,4.175
9701,3.688
9702,4.087
9703,3.557
9704,2.21
9705,4.489
9706,4.098
9707,4.104
9708,3.55
9709,3.851
9710,4.041
9711,4.544
9712,3.003
9713,3.906
9714,3.84
9715,3.732
9716,3.802
9717,3.788
9718,3.85
9719,4.402
9720,4.031
9721,3.82
9722,4.027
9723,3.806
9724,4.395
9725,3.717
9726,3.147
9727,3.042
9728,3.373
9729,3.265
9730,3.926
9731,4.095
9732,4.142
9733,3.764
9734,3.978
9735,4.101
9736,3.857
9737,3.811
9738,4.138
9739,3.753
9740,4.589
9741,3.96
9742,3.857
9743,3.54
9744,3.97
9745,3.99
9746,3.83
9747,3.827
9748,4.303
9749,3.991
9750,2.482
9751,3.887
9752,4.059
9753,3.793
9754,4.445
9755,3.577
9756,4.037
9757,4.347
9758,3.803
9759,4.136
9760,3.786
9761,4.117
9762,4.203
9763,4.444
9764,3.889
9765,3.711
9766,3.306
9767,3.981
9768,4.03
9769,3.697
9770,4.567
9771,3.918
9772,3.675
9773,3.558
9774,3.236
9775,3.019
9776,4.054
9777,3.921
9778,3.979
9779,4.042
9780,3.743
9781,4.06
9782,4.042
9783,3.911
9784,3.619
9785,4.037
9786,3.544
9787,3.686
9788,3.095
9789,4.335
9790,4.317
9791,3.775
9792,3.855
9793,2.871
9794,4.061
9795,4.269
9796,3.378
9797,3.778
9798,4.07
9799,4.018
9800,3.803
9801,3.924
9802,4.291
9803,4.248
9804,3.972
9805,3.893
9806,4.649
9807,4.232
9808,4.102
9809,4.023
9810,4.136
9811,3.544
9812,4.099
9813,3.987
9814,3.75
9815,3.915
9816,3.876
9817,3.898
9818,3.851
9819,4.105
9820,3.71
9821,3.867
9822,4.173
9823,3.471
9824,3.673
9825,4.008
9826,3.845
9827,3.826
9828,4.122
9829,4.085
9830,3.823
9831,4.265
9832,4.007
9833,3.999
9834,4.703
9835,4.359
9836,4.021
9837,3.919
9838,4.569
9839,3.168
9840,4.422
9841,3.61
9842,4.061
9843,4.236
9844,4.098
9845,3.925
9846,3.711
9847,3.503
9848,4.083
9849,4.106
9850,4.584
9851,4.343
9852,4.002
9853,3.07
9854,3.11
9855,3.783
9856,4.109
9857,4.38
9858,3.856
9859,4.318
9860,3.904
9861,4.07
9862,4.155
9863,4.036
9864,3.985
9865,3.902
9866,2.782
9867,3.622
9868,3.642
9869,4.065
9870,4.262
9871,3.971
9872,3.936
9873,3.343
9874,4.092
9875,4.427
9876,3.446
9877,4.21
9878,4.471
9879,4.031
9880,4.084
9881,4.094
9882,3.564
9883,3.558
9884,4.175
9885,4.113
9886,3.687
9887,4.342
9888,4.132
9889,3.873
9890,4.018
9891,3.527
9892,4.258
9893,4.275
9894,4.128
9895,4.041
9896,3.887
9897,3.753
9898,3.47
9899,4.189
9900,3.634
9901,3.421
9902,3.102
9903,4.075
9904,2.999
9905,4.044
9906,3.977
9907,4.221
9908,4.13
9909,4.109
9910,4.473
9911,3.771
9912,4.312
9913,4.105
9914,3.805
9915,4.247
9916,4.057
9917,3.073
9918,4.042
9919,4.074
9920,3.768
9921,4.09
9922,3.624
9923,4.133
9924,3.663
9925,3.738
9926,3.591
9927,4.212
9928,3.801
9929,3.832
9930,3.898
9931,4.002
9932,3.942
9933,4.045
9934,3.421
9935,2.304
9936,3.935
9937,4.15
9938,4.553
9939,3.802
9940,4.003
9941,3.292
9942,3.6
9943,4.002
9944,3.883
9945,4.508
9946,3.046
9947,3.923
9948,2.674
9949,4.175
9950,3.906
9951,3.702
9952,4.282
9953,3.832
9954,2.716
9955,4.107
9956,4.16
9957,4.275
9958,4.165
9959,4.254
9960,3.717
9961,4.085
9962,4.297
9963,2.841
9964,3.912
9965,4.062
9966,3.972
9967,4.384
9968,3.751
9969,4.504
9970,2.908
9971,3.91
9972,4.255
9973,3.511
9974,3.57
9975,4.166
9976,3.81
9977,4.169
9978,2.995
9979,4.06
9980,4.14
9981,4.042
9982,4.365
9983,3.977
9984,3.614
9985,4.155
9986,3.277
9987,4.089
9988,3.642
9989,2.562
9990,4.184
9991,3.754
9992,3.791
9993,3.918
9994,3.496
9995,3.832
9996,4.09
9997,4.002
9998,4.006
9999,3.732
10000,4.056
10001,4.152
10002,4.03
10003,4.104
10004,3.784
10005,3.848
10006,3.956
10007,2.466
10008,3.961
10009,4.197
10010,3.621
10011,3.643
10012,3.954
10013,3.806
10014,3.328
10015,4.292
10016,3.421
10017,3.487
10018,2.929
10019,2.751
10020,3.714
10021,3.63
10022,4.29
10023,4.02
10024,3.397
10025,3.822
10026,3.973
10027,3.319
10028,3.849
10029,4.389
10030,3.702
10031,3.654
10032,3.705
10033,4.037
10034,3.802
10035,3.978
10036,3.97
10037,4.276
10038,3.37
10039,3.985
10040,4.053
10041,4.508
10042,3.639
10043,4.508
10044,4.451
10045,3.942
10046,4.496
10047,3.515
10048,3.928
10049,4.3
10050,3.212
10051,4.066
10052,4.098
10053,4.107
10054,2.622
10055,2.951
10056,4.108
10057,3.735
10058,4.415
10059,3.752
10060,3.869
10061,4.139
10062,4.028
10063,3.941
10064,3.685
10065,3.59
10066,3.979
10067,3.92
10068,3.629
10069,3.794
10070,3.578
10071,4.286
10072,3.789
10073,3.836
10074,3.88
10075,3.857
10076,4.065
10077,4.027
10078,3.757
10079,3.906
10080,3.857
10081,3.958
10082,4.406
10083,3.994
10084,3.505
10085,3.866
10086,4.335
10087,4.377
10088,4.169
10089,2.264
10090,3.904
10091,4.13
10092,3.917
10093,3.992
10094,3.933
10095,4.215
10096,3.774
10097,3.638
10098,4.402
10099,3.847
10100,3.721
10101,3.495
10102,4.525
10103,3.912
10104,3.983
10105,4.174
10106,4.031
10107,3.863
10108,4.143
10109,4.059
10110,4.261
10111,4.201
10112,4.081
10113,4.079
10114,3.128
10115,4.155
10116,3.251
10117,4.502
10118,4.017
10119,3.892
10120,3.603
10121,4.117
10122,4.04
10123,3.701
10124,4.025
10125,3.361
10126,3.803
10127,3.711
10128,3.769
10129,4.07
10130,3.941
10131,4.281
10132,4.243
10133,3.78
10134,3.386
10135,3.444
10136,4.136
10137,2.762
10138,4.069
10139,3.98
10140,4.45
10141,3.883
10142,3.142
10143,3.914
10144,3.878
10145,3.917
10146,4.222
10147,4.471
10148,3.814
10149,4.101
10150,2.807
10151,4.485
10152,4.083
10153,3.553
10154,3.88
10155,3.645
10156,3.964
10157,4.136
10158,3.997
10159,3.822
10160,2.42
10161,4.02
10162,4.052
10163,4.04
10164,3.057
10165,4.606
10166,3.835
10167,3.58
10168,3.726
10169,3.647
10170,3.664
10171,3.984
10172,3.965
10173,4.033
10174,4.153
10175,4.057
10176,3.337
10177,4.28
10178,3.392
10179,3.773
10180,4.169
10181,3.792
10182,4.225
10183,4.057
10184,3.953
10185,4.499
10186,4.349
10187,3.788
10188,3.99
10189,3.559
10190,4.43
10191,3.826
10192,3.713
10193,4.295
10194,4.137
10195,4.139
10196,3.949
10197,4.253
10198,3.854
10199,3.939
10200,4.327
10201,3.998
10202,3.694
10203,4.083
10204,4.191
10205,3.358
10206,3.755
10207,4.043
10208,4.046
10209,3.457
10210,3.348
10211,4.1
10212,3.93
10213,3.973
10214,4.004
10215,3.887
10216,3.517
10217,3.681
10218,4.405
10219,4.094
10220,4.228
10221,3.674
10222,4.214
10223,3.763
10224,3.368
10225,4.075
10226,3.955
10227,3.888
10228,3.68
10229,3.835
10230,4.0
10231,3.992
10232,4.178
10233,3.905
10234,3.961
10235,3.356
10236,4.666
10237,3.47
10238,3.987
10239,3.814
10240,2.785
10241,3.936
10242,4.291
10243,3.836
10244,3.775
10245,4.215
10246,4.426
10247,4.253
10248,3.631
10249,4.043
10250,3.854
10251,3.698
10252,3.869
10253,4.239
10254,3.842
10255,4.079
10256,3.528
10257,3.995
10258,4.207
10259,4.153
10260,3.967
10261,3.904
10262,3.844
10263,3.168
10264,4.085
10265,3.588
10266,3.933
10267,3.732
10268,4.236
10269,4.196
10270,3.371
10271,2.844
10272,4.045
10273,3.932
10274,3.885
10275,3.768
10276,3.931
10277,4.218
10278,4.146
10279,4.014
10280,4.07
10281,4.193
10282,3.785
10283,3.441
10284,4.007
10285,4.521
10286,4.453
10287,3.4
10288,3.752
10289,4.119
10290,3.56
10291,4.003
10292,3.913
10293,3.903
10294,4.003
10295,4.161
10296,4.586
10297,3.763
10298,3.832
10299,4.116
10300,4.06
10301,4.091
10302,3.905
10303,3.295
10304,3.985
10305,3.943
10306,3.725
10307,3.964
10308,4.07
10309,3.956
10310,3.073
10311,3.788
10312,3.657
10313,3.73
10314,4.276
10315,4.027
10316,3.853
10317,3.671
10318,3.769
10319,4.195
10320,3.723
10321,4.016
10322,3.735
10323,4.056
10324,4.193
10325,3.864
10326,3.879
10327,3.953
10328,4.026
10329,3.589
10330,3.925
10331,4.062
10332,3.853
10333,3.754
10334,3.882
10335,4.203
10336,4.026
10337,4.143
10338,2.908
10339,4.538
10340,3.909
10341,4.394
10342,3.831
10343,4.254
10344,3.327
10345,3.195
10346,3.611
10347,3.746
10348,3.596
10349,4.08
10350,3.246
10351,3.887
10352,3.959
10353,3.266
10354,4.32
10355,3.789
10356,3.039
10357,3.973
10358,4.276
10359,3.007
10360,3.979
10361,3.541
10362,3.273
10363,3.869
10364,3.785
10365,3.878
10366,2.873
10367,3.592
10368,3.48
10369,3.968
10370,4.037
10371,3.782
10372,4.398
10373,4.249
10374,3.594
10375,3.854
10376,3.78
10377,3.709
10378,3.198
10379,4.066
10380,4.046
10381,4.258
10382,4.022
10383,4.152
10384,4.003
10385,4.003
10386,3.761
10387,4.563
10388,3.848
10389,3.918
10390,2.668
10391,2.819
10392,3.381
10393,4.005
10394,3.956
10395,3.818
10396,4.149
10397,4.075
10398,2.749
10399,3.303
10400,3.565
10401,4.562
10402,4.319
10403,4.422
10404,4.069
10405,4.413
10406,4.053
10407,3.683
10408,3.502
10409,4.155
10410,4.129
10411,4.122
10412,3.975
10413,3.791
10414,4.105
10415,3.78
10416,3.743
10417,2.654
10418,4.331
10419,3.656
10420,3.623
10421,3.756
10422,3.697
10423,3.942
10424,4.097
10425,3.443
10426,3.675
10427,4.401
10428,2.518
10429,4.096
10430,3.867
10431,3.944
10432,4.269
10433,3.697
10434,4.071
10435,4.204
10436,4.27
10437,3.777
10438,4.074
10439,3.679
10440,4.07
10441,4.021
10442,3.813
10443,3.974
10444,3.599
10445,3.892
10446,3.966
10447,3.86
10448,4.118
10449,4.321
10450,4.407
10451,3.55
10452,3.907
10453,3.878
10454,4.323
10455,3.918
10456,4.001
10457,4.32
10458,4.542
10459,4.259
10460,4.228
10461,3.936
10462,3.558
10463,3.895
10464,2.64
10465,3.811
10466,4.129
10467,4.021
10468,3.978
10469,4.128
10470,4.106
10471,3.775
10472,4.12
10473,4.118
10474,3.339
10475,3.852
10476,3.416
10477,4.111
10478,4.153
10479,4.384
10480,3.611
10481,4.026
10482,3.968
10483,4.292
10484,4.261
10485,3.863
10486,4.054
10487,3.212
10488,3.999
10489,4.181
10490,3.758
10491,4.066
10492,4.12
10493,3.734
10494,3.917
10495,4.147
10496,3.999
10497,4.017
10498,3.966
10499,4.105
10500,4.081
10501,4.007
10502,3.944
10503,4.108
10504,4.345
10505,4.58
10506,3.865
10507,4.279
10508,3.784
10509,3.914
10510,3.797
10511,3.628
10512,4.159
10513,3.006
10514,4.07
10515,4.052
10516,4.041
10517,4.201
10518,3.733
10519,3.953
10520,4.121
10521,4.208
10522,4.166
10523,3.901
10524,4.174
10525,3.752
10526,4.101
10527,3.435
10528,3.738
10529,3.782
10530,4.558
10531,4.034
10532,4.002
10533,3.388
10534,4.071
10535,3.487
10536,3.679
10537,3.526
10538,4.011
10539,3.734
10540,3.555
10541,3.624
10542,3.822
10543,4.055
10544,4.2
10545,3.763
10546,4.32
10547,3.539
10548,3.934
10549,4.013
10550,4.131
10551,3.726
10552,3.764
10553,3.73
10554,4.469
10555,4.017
10556,2.851
10557,3.797
10558,3.528
10559,4.081
10560,3.502
10561,3.394
10562,2.726
10563,2.935
10564,3.912
10565,3.402
10566,3.04
10567,4.135
10568,4.068
10569,3.77
10570,3.393
10571,3.638
10572,4.121
10573,3.999
10574,4.007
10575,3.966
10576,3.611
10577,4.33
10578,3.501
10579,3.429
10580,3.242
10581,3.291
10582,3.765
10583,4.026
10584,3.819
10585,3.955
10586,3.872
10587,4.233
10588,4.009
10589,3.908
10590,3.994
10591,4.481
10592,3.961
10593,3.669
10594,4.125
10595,4.333
10596,4.161
10597,3.985
10598,3.726
10599,3.776
10600,3.89
10601,4.175
10602,4.075
10603,3.928
10604,3.991
10605,3.829
10606,3.625
10607,4.086
10608,3.934
10609,4.249
10610,4.025
10611,3.649
10612,4.083
10613,3.842
10614,4.16
10615,3.85
10616,2.552
10617,3.854
10618,3.829
10619,3.811
10620,4.518
10621,3.881
10622,4.018
10623,3.651
10624,3.383
10625,3.868
10626,3.507
10627,4.051
10628,4.163
10629,4.065
10630,3.977
10631,3.461
10632,3.99
10633,4.204
10634,4.41
10635,4.092
10636,3.662
10637,4.247
10638,4.175
10639,2.987
10640,4.337
10641,4.014
10642,3.194
10643,3.782
10644,4.255
10645,3.886
10646,3.237
10647,4.051
10648,4.175
10649,3.761
10650,4.12
10651,4.05
10652,2.558
10653,3.9
10654,2.962
10655,3.459
10656,4.214
10657,4.132
10658,4.203
10659,3.622
10660,4.019
10661,4.062
10662,3.964
10663,4.123
10664,4.318
10665,2.307
10666,3.592
10667,3.795
10668,4.035
10669,2.157
10670,4.553
10671,3.393
10672,3.868
10673,3.843
10674,3.959
10675,3.977
10676,3.447
10677,4.321
10678,4.319
10679,3.582
10680,3.713
10681,4.076
10682,3.727
10683,4.27
10684,3.949
10685,3.673
10686,3.661
10687,4.229
10688,2.392
10689,3.871
10690,3.539
10691,4.228
10692,4.188
10693,3.658
10694,3.413
10695,4.033
10696,3.968
10697,3.854
10698,3.818
10699,4.05
10700,4.028
10701,4.162
10702,3.92
10703,4.018
10704,4.064
10705,3.911
10706,4.073
10707,3.855
10708,4.036
10709,4.337
10710,3.634
10711,3.807
10712,2.55
10713,3.774
10714,3.88
10715,3.804
10716,4.611
10717,3.678
10718,3.945
10719,4.093
10720,3.944
10721,4.06
10722,3.961
10723,3.832
10724,2.901
10725,3.694
10726,4.494
10727,3.892
10728,3.901
10729,3.85
10730,4.095
10731,3.751
10732,4.377
10733,3.073
10734,4.028
10735,4.077
10736,2.874
10737,3.775
10738,4.281
10739,4.339
10740,3.89
10741,2.667
10742,3.279
10743,3.802
10744,4.026
10745,2.439
10746,4.197
10747,4.128
10748,4.159
10749,3.453
10750,4.102
10751,3.933
10752,4.245
10753,4.39
10754,3.669
10755,4.036
10756,3.915
10757,4.13
10758,3.77
10759,4.046
10760,3.939
10761,4.061
10762,3.518
10763,3.784
10764,4.121
10765,4.021
10766,3.776
10767,4.38
10768,4.236
10769,4.064
10770,2.4
10771,3.691
10772,3.542
10773,4.023
10774,3.77
10775,3.369
10776,3.702
10777,4.391
10778,4.058
10779,3.793
10780,3.996
10781,3.232
10782,3.815
10783,4.245
10784,3.623
10785,3.501
10786,4.051
10787,4.628
10788,4.549
10789,3.811
10790,4.004
10791,3.551
10792,4.358
10793,3.485
10794,3.914
10795,4.039
10796,3.239
10797,3.098
10798,3.677
10799,3.681
10800,4.317
10801,3.78
10802,3.63
10803,4.231
10804,3.73
10805,4.173
10806,4.085
10807,3.644
10808,3.66
10809,4.091
10810,4.172
10811,4.105
10812,4.246
10813,3.859
10814,3.801
10815,3.91
10816,4.327
10817,3.929
10818,2.874
10819,4.033
10820,4.047
10821,3.862
10822,4.15
10823,4.161
10824,4.516
10825,3.511
10826,3.784
10827,3.741
10828,3.784
10829,4.38
10830,3.793
10831,4.049
10832,3.842
10833,4.101
10834,2.706
10835,3.525
10836,3.693
10837,4.047
10838,3.355
10839,3.738
10840,4.072
10841,4.017
10842,3.938
10843,3.832
10844,4.105
10845,4.036
10846,2.505
10847,3.896
10848,3.373
10849,3.756
10850,4.003
10851,4.098
10852,4.007
10853,4.033
10854,2.944
10855,3.991
10856,4.163
10857,4.0
10858,4.407
10859,4.138
10860,4.051
10861,4.265
10862,3.931
10863,3.985
10864,3.684
10865,3.515
10866,4.217
10867,3.987
10868,3.509
10869,3.699
10870,3.899
10871,3.685
10872,3.556
10873,4.325
10874,3.864
10875,4.126
10876,3.56
10877,3.863
10878,4.384
10879,3.809
10880,3.979
10881,3.713
10882,4.062
10883,4.296
10884,4.591
10885,4.077
10886,3.889
10887,3.774
10888,3.582
10889,4.088
10890,3.073
10891,4.544
10892,4.0
10893,4.102
10894,3.94
10895,4.323
10896,4.276
10897,3.859
10898,3.65
10899,3.695
10900,4.016
10901,3.926
10902,4.034
10903,3.696
10904,3.783
10905,3.632
10906,3.56
10907,3.895
10908,3.893
10909,3.874
10910,4.576
10911,3.999
10912,3.698
10913,3.9
10914,4.223
10915,3.86
10916,3.807
10917,4.169
10918,3.835
10919,3.959
10920,4.014
10921,3.671
10922,4.342
10923,3.925
10924,3.944
10925,4.036
10926,2.481
10927,3.715
10928,3.741
10929,4.287
10930,4.173
10931,3.903
10932,3.854
10933,3.498
10934,4.065
10935,2.718
10936,3.953
10937,3.635
10938,3.196
10939,4.54
10940,3.856
10941,3.934
10942,3.631
10943,3.28
10944,2.94
10945,2.55
10946,3.833
10947,4.258
10948,3.983
10949,4.13
10950,4.14
10951,3.987
10952,4.057
10953,3.838
10954,3.841
10955,3.746
10956,3.39
10957,3.989
10958,4.203
10959,3.903
10960,4.038
10961,4.022
10962,4.061
10963,3.532
10964,4.029
10965,3.457
10966,3.992
10967,4.007
10968,4.732
